char_ref,char_hyp,count,cost,hex_ref,hex_hyp
າ,ໂ,7,0.3,0xeb2,0xec2
ີ,ບ,3,0.7,0xeb5,0xe9a
ບ,ີ,3,0.7,0xe9a,0xeb5
້,ອ,3,0.7,0xec9,0xead
ອ,້,3,0.7,0xead,0xec9
່,ມ,3,0.7,0xec8,0xea1
ດ,ິ,2,0.8,0xe94,0xeb4
າ, ,2,0.8,0xeb2,0x20
ເ,ໂ,2,0.8,0xec0,0xec2
າ,-,2,0.8,0xeb2,0x2d
ຍ,-,2,0.8,0xe8d,0x2d
ົ,ດ,2,0.8,0xebb,0xe94
ັ, ,2,0.8,0xeb1,0x20
ງ,ຽ,2,0.8,0xe87,0xebd
ໝ,ບ,2,0.8,0xedd,0xe9a
ັ,ນ,2,0.8,0xeb1,0xe99
ໝ,ນ,2,0.8,0xedd,0xe99
ີ,-,2,0.8,0xeb5,0x2d
່,.,2,0.8,0xec8,0x2e
ັ,ງ,1,0.9,0xeb1,0xe87
ງ,ັ,1,0.9,0xe87,0xeb1
ິ,ດ,1,0.9,0xeb4,0xe94
ໍ,໌,1,0.9,0xecd,0xecc
ົ,|,1,0.9,0xebb,0x7c
ຫ,ອ,1,0.9,0xeab,0xead
ຼ,ຸ,1,0.9,0xebc,0xeb8
ີ,ນ,1,0.9,0xeb5,0xe99
ໜ, ,1,0.9,0xedc,0x20
້,[,1,0.9,0xec9,0x5b
ອ,5,1,0.9,0xead,0x35
ຍ,1,1,0.9,0xe8d,0x31
ໜ,3,1,0.9,0xedc,0x33
ຶ,1,1,0.9,0xeb6,0x31
່, ,1,0.9,0xec8,0x20
ງ,ຮ,1,0.9,0xe87,0xeae
່,ຂ,1,0.9,0xec8,0xe82
ົ,ໂ,1,0.9,0xebb,0xec2
້,໌,1,0.9,0xec9,0xecc
າ,້,1,0.9,0xeb2,0xec9
ວ,.,1,0.9,0xea7,0x2e
ື,ອ,1,0.9,0xeb7,0xead
ອ,ື,1,0.9,0xead,0xeb7
ຖ,ໄ,1,0.9,0xe96,0xec4
ໜ,ປ,1,0.9,0xedc,0xe9b
້,ນ,1,0.9,0xec9,0xe99
ັ,ກ,1,0.9,0xeb1,0xe81
ກ,ີ,1,0.9,0xe81,0xeb5
ັ,ູ,1,0.9,0xeb1,0xeb9
າ,ກ,1,0.9,0xeb2,0xe81
ວ,ະ,1,0.9,0xea7,0xeb0
ເ, ,1,0.9,0xec0,0x20
ອ,.,1,0.9,0xead,0x2e
ດ,",",1,0.9,0xe94,0x2c
ອ,ລ,1,0.9,0xead,0xea5
ດ,ະ,1,0.9,0xe94,0xeb0
ັ,ດ,1,0.9,0xeb1,0xe94
ົ,ນ,1,0.9,0xebb,0xe99
ສ,ຕ,1,0.9,0xeaa,0xe95
າ,ທ,1,0.9,0xeb2,0xe97
ິ,ບ,1,0.9,0xeb4,0xe9a
ບ,ິ,1,0.9,0xe9a,0xeb4
ຕ,",",1,0.9,0xe95,0x2c
ອ, ,1,0.9,0xead,0x20
ນ,.,1,0.9,0xe99,0x2e
ສ, ,1,0.9,0xeaa,0x20
ວ,-,1,0.9,0xea7,0x2d
ຍ,|,1,0.9,0xe8d,0x7c
ນ,ັ,1,0.9,0xe99,0xeb1
ັ,ທ,1,0.9,0xeb1,0xe97
ງ,.,1,0.9,0xe87,0x2e
ຄ, ,1,0.9,0xe84,0x20
ູ,.,1,0.9,0xeb9,0x2e
ກ,ມ,1,0.9,0xe81,0xea1
ຶ,ມ,1,0.9,0xeb6,0xea1
້,ື,1,0.9,0xec9,0xeb7
ມ,້,1,0.9,0xea1,0xec9
ຶ,ບ,1,0.9,0xeb6,0xe9a
ບ,ຶ,1,0.9,0xe9a,0xeb6
ຸ,ນ,1,0.9,0xeb8,0xe99
ດ,.,1,0.9,0xe94,0x2e
ິ,ນ,1,0.9,0xeb4,0xe99
ນ,ິ,1,0.9,0xe99,0xeb4
າ,.,1,0.9,0xeb2,0x2e
ຊ,“,1,0.9,0xe8a,0x201c
າ,4,1,0.9,0xeb2,0x34
ຳ,ປ,1,0.9,0xeb3,0xe9b
ຸ,ງ,1,0.9,0xeb8,0xe87
່,ູ,1,0.9,0xec8,0xeb9
ງ,່,1,0.9,0xe87,0xec8
ົ,(,1,0.9,0xebb,0x28
້,ຂ,1,0.9,0xec9,0xe82
ີ,.,1,0.9,0xeb5,0x2e
ແ,.,1,0.9,0xec1,0x2e
ກ, ,1,0.9,0xe81,0x20
ງ,ກ,1,0.9,0xe87,0xe81
້,ວ,1,0.9,0xec9,0xea7
ວ,ັ,1,0.9,0xea7,0xeb1
ເ,ໄ,1,0.9,0xec0,0xec4
າ,໌,1,0.9,0xeb2,0xecc
ຄ,ອ,1,0.9,0xe84,0xead
າ,ຫ,1,0.9,0xeb2,0xeab
າ,ດ,1,0.9,0xeb2,0xe94
ສ,ຜ,1,0.9,0xeaa,0xe9c
ື,ດ,1,0.9,0xeb7,0xe94
່,ອ,1,0.9,0xec8,0xead
ອ,໊,1,0.9,0xead,0xeca
່,-,1,0.9,0xec8,0x2d
ັ,ອ,1,0.9,0xeb1,0xead
ນ,າ,1,0.9,0xe99,0xeb2
້,ງ,1,0.9,0xec9,0xe87
ຽ,້,1,0.9,0xebd,0xec9
ສ,ອ,1,0.9,0xeaa,0xead
າ,ນ,1,0.9,0xeb2,0xe99
ໝ,ພ,1,0.9,0xedd,0xe9e
ໍ,ັ,1,0.9,0xecd,0xeb1
້,ົ,1,0.9,0xec9,0xebb
ຳ,ໂ,1,0.9,0xeb3,0xec2
ົ,ກ,1,0.9,0xebb,0xe81
ກ,ິ,1,0.9,0xe81,0xeb4
ິ,ວ,1,0.9,0xeb4,0xea7
ວ,ິ,1,0.9,0xea7,0xeb4
້, ,1,0.9,0xec9,0x20
ມ,໊,1,0.9,0xea1,0xeca
ດ,-,1,0.9,0xe94,0x2d
ວ,5,1,0.9,0xea7,0x35
ງ,-,1,0.9,0xe87,0x2d
ນ,],1,0.9,0xe99,0x5d
ບ,-,1,0.9,0xe9a,0x2d
ັ,ບ,1,0.9,0xeb1,0xe9a
ບ,ັ,1,0.9,0xe9a,0xeb1
ດ, ,1,0.9,0xe94,0x20
