filename,lao_text,vi,en,romanization,pos,lesson,font,lighting,device,angle,type,split
gold_card_0001.jpg,ກະລຸນາ,Làm ơn / Xin vui lòng,Please,ka-lu-naa,adverb,Bài 01,NotoSansLao,natural,iPhone_14,0,printed_flashcard,test
gold_card_0002.jpg,ກະລຸນາ,Làm ơn / Xin vui lòng,Please,ka-lu-naa,adverb,Bài 01,NotoSerifLao,fluorescent,Samsung_Galaxy,-8,printed_flashcard,dev
gold_card_0003.jpg,ກະລຸນາ,Làm ơn / Xin vui lòng,Please,ka-lu-naa,adverb,Bài 01,NotoSansLaoLooped,low_light,Xiaomi_Redmi,8,printed_flashcard,dev
gold_card_0004.jpg,ຂ້ອຍ,Tôi,I / Me,khoy,pronoun,Bài 01,NotoSerifLao,natural,Samsung_Galaxy,-8,printed_flashcard,test
gold_card_0005.jpg,ຂ້ອຍ,Tôi,I / Me,khoy,pronoun,Bài 01,NotoSansLaoLooped,fluorescent,Xiaomi_Redmi,8,printed_flashcard,test
gold_card_0006.jpg,ຂ້ອຍ,Tôi,I / Me,khoy,pronoun,Bài 01,NotoSansLao,low_light,iPhone_14,0,printed_flashcard,test
gold_card_0007.jpg,ຂ້ອຍ,Tôi,I / Me,khoy,pronoun,Bài 01,NotoSerifLao,cast_shadow,Samsung_Galaxy,-8,printed_flashcard,test
gold_card_0008.jpg,ຄົນ,Người,Person / People,khon,noun,Bài 01,NotoSansLaoLooped,natural,Xiaomi_Redmi,8,printed_flashcard,test
gold_card_0009.jpg,ຄົນ,Người,Person / People,khon,noun,Bài 01,NotoSansLao,fluorescent,iPhone_14,0,printed_flashcard,test
gold_card_0010.jpg,ຄົນ,Người,Person / People,khon,noun,Bài 01,NotoSerifLao,low_light,Samsung_Galaxy,-8,printed_flashcard,test
gold_card_0011.jpg,ຊ້າໆ,Chậm rãi / Từ từ,Slowly,xaa-xaa,adverb,Bài 01,NotoSansLao,natural,iPhone_14,0,printed_flashcard,test
gold_card_0012.jpg,ຊ້າໆ,Chậm rãi / Từ từ,Slowly,xaa-xaa,adverb,Bài 01,NotoSerifLao,fluorescent,Samsung_Galaxy,-8,printed_flashcard,test
gold_card_0013.jpg,ຊ້າໆ,Chậm rãi / Từ từ,Slowly,xaa-xaa,adverb,Bài 01,NotoSansLaoLooped,low_light,Xiaomi_Redmi,8,printed_flashcard,test
gold_card_0014.jpg,ຊ້າໆ,Chậm rãi / Từ từ,Slowly,xaa-xaa,adverb,Bài 01,NotoSansLao,cast_shadow,iPhone_14,0,printed_flashcard,test
gold_card_0015.jpg,ນາມສະກຸນ,Họ (tên họ),Surname / Last name,naam-sa-kun,noun,Bài 01,NotoSerifLao,natural,Samsung_Galaxy,-8,printed_flashcard,test
gold_card_0016.jpg,ນາມສະກຸນ,Họ (tên họ),Surname / Last name,naam-sa-kun,noun,Bài 01,NotoSansLaoLooped,fluorescent,Xiaomi_Redmi,8,printed_flashcard,dev
gold_card_0017.jpg,ນາມສະກຸນ,Họ (tên họ),Surname / Last name,naam-sa-kun,noun,Bài 01,NotoSansLao,low_light,iPhone_14,0,printed_flashcard,test
gold_card_0018.jpg,ບໍ່ແມ່ນ,Không phải,No / Not to be,baw-maen,phrase,Bài 01,NotoSansLaoLooped,natural,Xiaomi_Redmi,8,printed_flashcard,test
gold_card_0019.jpg,ບໍ່ແມ່ນ,Không phải,No / Not to be,baw-maen,phrase,Bài 01,NotoSansLao,fluorescent,iPhone_14,0,printed_flashcard,test
gold_card_0020.jpg,ບໍ່ແມ່ນ,Không phải,No / Not to be,baw-maen,phrase,Bài 01,NotoSerifLao,low_light,Samsung_Galaxy,-8,printed_flashcard,dev
gold_card_0021.jpg,ບໍ່ແມ່ນ,Không phải,No / Not to be,baw-maen,phrase,Bài 01,NotoSansLaoLooped,cast_shadow,Xiaomi_Redmi,8,printed_flashcard,dev
gold_card_0022.jpg,ພວກເຂົາ,Họ / Bọn họ,They / Them,phuak-khao,pronoun,Bài 01,NotoSansLao,natural,iPhone_14,0,printed_flashcard,test
gold_card_0023.jpg,ພວກເຂົາ,Họ / Bọn họ,They / Them,phuak-khao,pronoun,Bài 01,NotoSerifLao,fluorescent,Samsung_Galaxy,-8,printed_flashcard,dev
gold_card_0024.jpg,ພວກເຂົາ,Họ / Bọn họ,They / Them,phuak-khao,pronoun,Bài 01,NotoSansLaoLooped,low_light,Xiaomi_Redmi,8,printed_flashcard,test
gold_card_0025.jpg,ພາສາ,Ngôn ngữ / Tiếng,Language,phaa-saa,noun,Bài 01,NotoSerifLao,natural,Samsung_Galaxy,-8,printed_flashcard,test
gold_card_0026.jpg,ພາສາ,Ngôn ngữ / Tiếng,Language,phaa-saa,noun,Bài 01,NotoSansLaoLooped,fluorescent,Xiaomi_Redmi,8,printed_flashcard,test
gold_card_0027.jpg,ພາສາ,Ngôn ngữ / Tiếng,Language,phaa-saa,noun,Bài 01,NotoSansLao,low_light,iPhone_14,0,printed_flashcard,test
gold_card_0028.jpg,ພາສາ,Ngôn ngữ / Tiếng,Language,phaa-saa,noun,Bài 01,NotoSerifLao,cast_shadow,Samsung_Galaxy,-8,printed_flashcard,test
gold_card_0029.jpg,ພາສາອັງກິດ,Tiếng Anh,English language,phaa-saa-ang-kit,noun,Bài 01,NotoSansLaoLooped,natural,Xiaomi_Redmi,8,printed_flashcard,test
gold_card_0030.jpg,ພາສາອັງກິດ,Tiếng Anh,English language,phaa-saa-ang-kit,noun,Bài 01,NotoSansLao,fluorescent,iPhone_14,0,printed_flashcard,dev
gold_card_0031.jpg,ພາສາອັງກິດ,Tiếng Anh,English language,phaa-saa-ang-kit,noun,Bài 01,NotoSerifLao,low_light,Samsung_Galaxy,-8,printed_flashcard,test
gold_card_0032.jpg,ລາກ່ອນ,Tạm biệt,Goodbye,laa-kawn,phrase,Bài 01,NotoSansLao,natural,iPhone_14,0,printed_flashcard,dev
gold_card_0033.jpg,ລາກ່ອນ,Tạm biệt,Goodbye,laa-kawn,phrase,Bài 01,NotoSerifLao,fluorescent,Samsung_Galaxy,-8,printed_flashcard,test
gold_card_0034.jpg,ລາກ່ອນ,Tạm biệt,Goodbye,laa-kawn,phrase,Bài 01,NotoSansLaoLooped,low_light,Xiaomi_Redmi,8,printed_flashcard,test
gold_card_0035.jpg,ລາກ່ອນ,Tạm biệt,Goodbye,laa-kawn,phrase,Bài 01,NotoSansLao,cast_shadow,iPhone_14,0,printed_flashcard,dev
gold_card_0036.jpg,ສະບາຍດີບໍ,Bạn có khỏe không?,How are you?,sa-bai-dee-baw,phrase,Bài 01,NotoSerifLao,natural,Samsung_Galaxy,-8,printed_flashcard,test
gold_card_0037.jpg,ສະບາຍດີບໍ,Bạn có khỏe không?,How are you?,sa-bai-dee-baw,phrase,Bài 01,NotoSansLaoLooped,fluorescent,Xiaomi_Redmi,8,printed_flashcard,test
gold_card_0038.jpg,ສະບາຍດີບໍ,Bạn có khỏe không?,How are you?,sa-bai-dee-baw,phrase,Bài 01,NotoSansLao,low_light,iPhone_14,0,printed_flashcard,dev
gold_card_0039.jpg,ເກົາຫຼີ,Hàn Quốc,Korea,kao-lee,noun,Bài 01,NotoSansLaoLooped,natural,Xiaomi_Redmi,8,printed_flashcard,dev
gold_card_0040.jpg,ເກົາຫຼີ,Hàn Quốc,Korea,kao-lee,noun,Bài 01,NotoSansLao,fluorescent,iPhone_14,0,printed_flashcard,test
gold_card_0041.jpg,ເກົາຫຼີ,Hàn Quốc,Korea,kao-lee,noun,Bài 01,NotoSerifLao,low_light,Samsung_Galaxy,-8,printed_flashcard,test
gold_card_0042.jpg,ເກົາຫຼີ,Hàn Quốc,Korea,kao-lee,noun,Bài 01,NotoSansLaoLooped,cast_shadow,Xiaomi_Redmi,8,printed_flashcard,test
gold_card_0043.jpg,ເຈົ້າຊື່ຫຍັງ,Bạn tên là gì?,What is your name?,chao-seu-nyang,phrase,Bài 01,NotoSansLao,natural,iPhone_14,0,printed_flashcard,test
gold_card_0044.jpg,ເຈົ້າຊື່ຫຍັງ,Bạn tên là gì?,What is your name?,chao-seu-nyang,phrase,Bài 01,NotoSerifLao,fluorescent,Samsung_Galaxy,-8,printed_flashcard,test
gold_card_0045.jpg,ເຈົ້າຊື່ຫຍັງ,Bạn tên là gì?,What is your name?,chao-seu-nyang,phrase,Bài 01,NotoSansLaoLooped,low_light,Xiaomi_Redmi,8,printed_flashcard,dev
gold_card_0046.jpg,ແມ່ນ,Là / Đúng,Yes / To be,maen,verb,Bài 01,NotoSerifLao,natural,Samsung_Galaxy,-8,printed_flashcard,test
gold_card_0047.jpg,ແມ່ນ,Là / Đúng,Yes / To be,maen,verb,Bài 01,NotoSansLaoLooped,fluorescent,Xiaomi_Redmi,8,printed_flashcard,test
gold_card_0048.jpg,ແມ່ນ,Là / Đúng,Yes / To be,maen,verb,Bài 01,NotoSansLao,low_light,iPhone_14,0,printed_flashcard,test
gold_card_0049.jpg,ແມ່ນ,Là / Đúng,Yes / To be,maen,verb,Bài 01,NotoSerifLao,cast_shadow,Samsung_Galaxy,-8,printed_flashcard,test
gold_card_0050.jpg,ໜ້ອຍໜຶ່ງ,Một chút / Một ít,A little bit,noy-neung,adverb,Bài 01,NotoSansLaoLooped,natural,Xiaomi_Redmi,8,printed_flashcard,test
gold_card_0051.jpg,ໜ້ອຍໜຶ່ງ,Một chút / Một ít,A little bit,noy-neung,adverb,Bài 01,NotoSansLao,fluorescent,iPhone_14,0,printed_flashcard,dev
gold_card_0052.jpg,ໜ້ອຍໜຶ່ງ,Một chút / Một ít,A little bit,noy-neung,adverb,Bài 01,NotoSerifLao,low_light,Samsung_Galaxy,-8,printed_flashcard,test
gold_card_0053.jpg,ຊ່ວຍ,Giúp đỡ,To help,xuay,verb,Bài 02,NotoSansLao,natural,iPhone_14,0,printed_flashcard,test
gold_card_0054.jpg,ຊ່ວຍ,Giúp đỡ,To help,xuay,verb,Bài 02,NotoSerifLao,fluorescent,Samsung_Galaxy,-8,printed_flashcard,test
gold_card_0055.jpg,ຊ່ວຍ,Giúp đỡ,To help,xuay,verb,Bài 02,NotoSansLaoLooped,low_light,Xiaomi_Redmi,8,printed_flashcard,test
gold_card_0056.jpg,ຊ່ວຍ,Giúp đỡ,To help,xuay,verb,Bài 02,NotoSansLao,cast_shadow,iPhone_14,0,printed_flashcard,dev
gold_card_0057.jpg,ນ້ອງ,Em,Younger sibling,nawng,noun,Bài 02,NotoSerifLao,natural,Samsung_Galaxy,-8,printed_flashcard,test
gold_card_0058.jpg,ນ້ອງ,Em,Younger sibling,nawng,noun,Bài 02,NotoSansLaoLooped,fluorescent,Xiaomi_Redmi,8,printed_flashcard,test
gold_card_0059.jpg,ນ້ອງ,Em,Younger sibling,nawng,noun,Bài 02,NotoSansLao,low_light,iPhone_14,0,printed_flashcard,dev
gold_card_0060.jpg,ນ້າບ່າວ,Cậu (em trai của mẹ),Uncle (mother's younger brother),naa-baao,noun,Bài 02,NotoSansLaoLooped,natural,Xiaomi_Redmi,8,printed_flashcard,dev
gold_card_0061.jpg,ນ້າບ່າວ,Cậu (em trai của mẹ),Uncle (mother's younger brother),naa-baao,noun,Bài 02,NotoSansLao,fluorescent,iPhone_14,0,printed_flashcard,dev
gold_card_0062.jpg,ນ້າບ່າວ,Cậu (em trai của mẹ),Uncle (mother's younger brother),naa-baao,noun,Bài 02,NotoSerifLao,low_light,Samsung_Galaxy,-8,printed_flashcard,test
gold_card_0063.jpg,ນ້າບ່າວ,Cậu (em trai của mẹ),Uncle (mother's younger brother),naa-baao,noun,Bài 02,NotoSansLaoLooped,cast_shadow,Xiaomi_Redmi,8,printed_flashcard,test
gold_card_0064.jpg,ບໍ່ມີ,Không có,Don't have,baw-mee,verb,Bài 02,NotoSansLao,natural,iPhone_14,0,printed_flashcard,dev
gold_card_0065.jpg,ບໍ່ມີ,Không có,Don't have,baw-mee,verb,Bài 02,NotoSerifLao,fluorescent,Samsung_Galaxy,-8,printed_flashcard,test
gold_card_0066.jpg,ບໍ່ມີ,Không có,Don't have,baw-mee,verb,Bài 02,NotoSansLaoLooped,low_light,Xiaomi_Redmi,8,printed_flashcard,test
gold_card_0067.jpg,ປ້າ,Bác gái,Aunt (older),paa,noun,Bài 02,NotoSerifLao,natural,Samsung_Galaxy,-8,printed_flashcard,dev
gold_card_0068.jpg,ປ້າ,Bác gái,Aunt (older),paa,noun,Bài 02,NotoSansLaoLooped,fluorescent,Xiaomi_Redmi,8,printed_flashcard,test
gold_card_0069.jpg,ປ້າ,Bác gái,Aunt (older),paa,noun,Bài 02,NotoSansLao,low_light,iPhone_14,0,printed_flashcard,test
gold_card_0070.jpg,ປ້າ,Bác gái,Aunt (older),paa,noun,Bài 02,NotoSerifLao,cast_shadow,Samsung_Galaxy,-8,printed_flashcard,test
gold_card_0071.jpg,ພໍ່ເຖົ້າ,Ông ngoại,Maternal grandfather,phaw-thao,noun,Bài 02,NotoSansLaoLooped,natural,Xiaomi_Redmi,8,printed_flashcard,test
gold_card_0072.jpg,ພໍ່ເຖົ້າ,Ông ngoại,Maternal grandfather,phaw-thao,noun,Bài 02,NotoSansLao,fluorescent,iPhone_14,0,printed_flashcard,dev
gold_card_0073.jpg,ພໍ່ເຖົ້າ,Ông ngoại,Maternal grandfather,phaw-thao,noun,Bài 02,NotoSerifLao,low_light,Samsung_Galaxy,-8,printed_flashcard,test
gold_card_0074.jpg,ຢູ່,Ở / Sống tại,To stay / To live,yuu,verb,Bài 02,NotoSansLao,natural,iPhone_14,0,printed_flashcard,dev
gold_card_0075.jpg,ຢູ່,Ở / Sống tại,To stay / To live,yuu,verb,Bài 02,NotoSerifLao,fluorescent,Samsung_Galaxy,-8,printed_flashcard,test
gold_card_0076.jpg,ຢູ່,Ở / Sống tại,To stay / To live,yuu,verb,Bài 02,NotoSansLaoLooped,low_light,Xiaomi_Redmi,8,printed_flashcard,test
gold_card_0077.jpg,ຢູ່,Ở / Sống tại,To stay / To live,yuu,verb,Bài 02,NotoSansLao,cast_shadow,iPhone_14,0,printed_flashcard,dev
gold_card_0078.jpg,ລູກຊາຍ,Con trai,Son,luuk-xaai,noun,Bài 02,NotoSerifLao,natural,Samsung_Galaxy,-8,printed_flashcard,test
gold_card_0079.jpg,ລູກຊາຍ,Con trai,Son,luuk-xaai,noun,Bài 02,NotoSansLaoLooped,fluorescent,Xiaomi_Redmi,8,printed_flashcard,test
gold_card_0080.jpg,ລູກຊາຍ,Con trai,Son,luuk-xaai,noun,Bài 02,NotoSansLao,low_light,iPhone_14,0,printed_flashcard,test
gold_card_0081.jpg,ສູງ,Cao,Tall / High,suung,adjective,Bài 02,NotoSansLaoLooped,natural,Xiaomi_Redmi,8,printed_flashcard,test
gold_card_0082.jpg,ສູງ,Cao,Tall / High,suung,adjective,Bài 02,NotoSansLao,fluorescent,iPhone_14,0,printed_flashcard,test
gold_card_0083.jpg,ສູງ,Cao,Tall / High,suung,adjective,Bài 02,NotoSerifLao,low_light,Samsung_Galaxy,-8,printed_flashcard,test
gold_card_0084.jpg,ສູງ,Cao,Tall / High,suung,adjective,Bài 02,NotoSansLaoLooped,cast_shadow,Xiaomi_Redmi,8,printed_flashcard,test
gold_card_0085.jpg,ຫຼານສາວ,Cháu gái,Niece / Granddaughter,laan-saao,noun,Bài 02,NotoSansLao,natural,iPhone_14,0,printed_flashcard,dev
gold_card_0086.jpg,ຫຼານສາວ,Cháu gái,Niece / Granddaughter,laan-saao,noun,Bài 02,NotoSerifLao,fluorescent,Samsung_Galaxy,-8,printed_flashcard,test
gold_card_0087.jpg,ຫຼານສາວ,Cháu gái,Niece / Granddaughter,laan-saao,noun,Bài 02,NotoSansLaoLooped,low_light,Xiaomi_Redmi,8,printed_flashcard,dev
gold_card_0088.jpg,ອາວ,Chú (em trai của bố),Uncle (father's younger brother),aao,noun,Bài 02,NotoSerifLao,natural,Samsung_Galaxy,-8,printed_flashcard,test
gold_card_0089.jpg,ອາວ,Chú (em trai của bố),Uncle (father's younger brother),aao,noun,Bài 02,NotoSansLaoLooped,fluorescent,Xiaomi_Redmi,8,printed_flashcard,dev
gold_card_0090.jpg,ອາວ,Chú (em trai của bố),Uncle (father's younger brother),aao,noun,Bài 02,NotoSansLao,low_light,iPhone_14,0,printed_flashcard,test
gold_card_0091.jpg,ອາວ,Chú (em trai của bố),Uncle (father's younger brother),aao,noun,Bài 02,NotoSerifLao,cast_shadow,Samsung_Galaxy,-8,printed_flashcard,test
gold_card_0092.jpg,ເຕ້ຍ,Thấp / Lùn,Short,tia,adjective,Bài 02,NotoSansLaoLooped,natural,Xiaomi_Redmi,8,printed_flashcard,dev
gold_card_0093.jpg,ເຕ້ຍ,Thấp / Lùn,Short,tia,adjective,Bài 02,NotoSansLao,fluorescent,iPhone_14,0,printed_flashcard,test
gold_card_0094.jpg,ເຕ້ຍ,Thấp / Lùn,Short,tia,adjective,Bài 02,NotoSerifLao,low_light,Samsung_Galaxy,-8,printed_flashcard,test
gold_card_0095.jpg,ເຮືອນ,Ngôi nhà,House,heuan,noun,Bài 02,NotoSansLao,natural,iPhone_14,0,printed_flashcard,dev
gold_card_0096.jpg,ເຮືອນ,Ngôi nhà,House,heuan,noun,Bài 02,NotoSerifLao,fluorescent,Samsung_Galaxy,-8,printed_flashcard,test
gold_card_0097.jpg,ເຮືອນ,Ngôi nhà,House,heuan,noun,Bài 02,NotoSansLaoLooped,low_light,Xiaomi_Redmi,8,printed_flashcard,test
gold_card_0098.jpg,ເຮືອນ,Ngôi nhà,House,heuan,noun,Bài 02,NotoSansLao,cast_shadow,iPhone_14,0,printed_flashcard,test
gold_card_0099.jpg,ແມ່ເຖົ້າ,Bà ngoại,Maternal grandmother,mae-thao,noun,Bài 02,NotoSerifLao,natural,Samsung_Galaxy,-8,printed_flashcard,test
gold_card_0100.jpg,ແມ່ເຖົ້າ,Bà ngoại,Maternal grandmother,mae-thao,noun,Bài 02,NotoSansLaoLooped,fluorescent,Xiaomi_Redmi,8,printed_flashcard,test
gold_card_0101.jpg,ແມ່ເຖົ້າ,Bà ngoại,Maternal grandmother,mae-thao,noun,Bài 02,NotoSansLao,low_light,iPhone_14,0,printed_flashcard,dev
gold_card_0102.jpg,ໜ້າຮັກ,Đáng yêu,Cute / Lovely,naa-hak,adjective,Bài 02,NotoSansLaoLooped,natural,Xiaomi_Redmi,8,printed_flashcard,test
gold_card_0103.jpg,ໜ້າຮັກ,Đáng yêu,Cute / Lovely,naa-hak,adjective,Bài 02,NotoSansLao,fluorescent,iPhone_14,0,printed_flashcard,dev
gold_card_0104.jpg,ໜ້າຮັກ,Đáng yêu,Cute / Lovely,naa-hak,adjective,Bài 02,NotoSerifLao,low_light,Samsung_Galaxy,-8,printed_flashcard,dev
gold_card_0105.jpg,ໜ້າຮັກ,Đáng yêu,Cute / Lovely,naa-hak,adjective,Bài 02,NotoSansLaoLooped,cast_shadow,Xiaomi_Redmi,8,printed_flashcard,test
gold_card_0106.jpg,ຈັກ,Mấy / Bao nhiêu,How many / How much,chak,pronoun,Bài 03,NotoSansLao,natural,iPhone_14,0,printed_flashcard,dev
gold_card_0107.jpg,ຈັກ,Mấy / Bao nhiêu,How many / How much,chak,pronoun,Bài 03,NotoSerifLao,fluorescent,Samsung_Galaxy,-8,printed_flashcard,test
gold_card_0108.jpg,ຈັກ,Mấy / Bao nhiêu,How many / How much,chak,pronoun,Bài 03,NotoSansLaoLooped,low_light,Xiaomi_Redmi,8,printed_flashcard,test
gold_card_0109.jpg,ຊາວເອັດ,Hai mươi mốt (số 21),Twenty-one (21),xaao-et,number,Bài 03,NotoSerifLao,natural,Samsung_Galaxy,-8,printed_flashcard,dev
gold_card_0110.jpg,ຊາວເອັດ,Hai mươi mốt (số 21),Twenty-one (21),xaao-et,number,Bài 03,NotoSansLaoLooped,fluorescent,Xiaomi_Redmi,8,printed_flashcard,dev
gold_card_0111.jpg,ຊາວເອັດ,Hai mươi mốt (số 21),Twenty-one (21),xaao-et,number,Bài 03,NotoSansLao,low_light,iPhone_14,0,printed_flashcard,dev
gold_card_0112.jpg,ຊາວເອັດ,Hai mươi mốt (số 21),Twenty-one (21),xaao-et,number,Bài 03,NotoSerifLao,cast_shadow,Samsung_Galaxy,-8,printed_flashcard,test
gold_card_0113.jpg,ທັງໝົດ,Tất cả / Toàn bộ,All / Total,thang-mot,adverb,Bài 03,NotoSansLaoLooped,natural,Xiaomi_Redmi,8,printed_flashcard,test
gold_card_0114.jpg,ທັງໝົດ,Tất cả / Toàn bộ,All / Total,thang-mot,adverb,Bài 03,NotoSansLao,fluorescent,iPhone_14,0,printed_flashcard,dev
gold_card_0115.jpg,ທັງໝົດ,Tất cả / Toàn bộ,All / Total,thang-mot,adverb,Bài 03,NotoSerifLao,low_light,Samsung_Galaxy,-8,printed_flashcard,dev
gold_card_0116.jpg,ມີດ,Dao,Knife,meet,noun,Bài 03,NotoSansLao,natural,iPhone_14,0,printed_flashcard,test
gold_card_0117.jpg,ມີດ,Dao,Knife,meet,noun,Bài 03,NotoSerifLao,fluorescent,Samsung_Galaxy,-8,printed_flashcard,test
gold_card_0118.jpg,ມີດ,Dao,Knife,meet,noun,Bài 03,NotoSansLaoLooped,low_light,Xiaomi_Redmi,8,printed_flashcard,test
gold_card_0119.jpg,ມີດ,Dao,Knife,meet,noun,Bài 03,NotoSansLao,cast_shadow,iPhone_14,0,printed_flashcard,test
gold_card_0120.jpg,ສາມ,Ba (số 3),Three (3),saam,number,Bài 03,NotoSerifLao,natural,Samsung_Galaxy,-8,printed_flashcard,test
gold_card_0121.jpg,ສາມ,Ba (số 3),Three (3),saam,number,Bài 03,NotoSansLaoLooped,fluorescent,Xiaomi_Redmi,8,printed_flashcard,test
gold_card_0122.jpg,ສາມ,Ba (số 3),Three (3),saam,number,Bài 03,NotoSansLao,low_light,iPhone_14,0,printed_flashcard,dev
gold_card_0123.jpg,ສິບສອງ,Mười hai (số 12),Twelve (12),sip-sawng,number,Bài 03,NotoSansLaoLooped,natural,Xiaomi_Redmi,8,printed_flashcard,test
gold_card_0124.jpg,ສິບສອງ,Mười hai (số 12),Twelve (12),sip-sawng,number,Bài 03,NotoSansLao,fluorescent,iPhone_14,0,printed_flashcard,dev
gold_card_0125.jpg,ສິບສອງ,Mười hai (số 12),Twelve (12),sip-sawng,number,Bài 03,NotoSerifLao,low_light,Samsung_Galaxy,-8,printed_flashcard,test
gold_card_0126.jpg,ສິບສອງ,Mười hai (số 12),Twelve (12),sip-sawng,number,Bài 03,NotoSansLaoLooped,cast_shadow,Xiaomi_Redmi,8,printed_flashcard,test
gold_card_0127.jpg,ສີ່,Bốn (số 4),Four (4),see,number,Bài 03,NotoSansLao,natural,iPhone_14,0,printed_flashcard,test
gold_card_0128.jpg,ສີ່,Bốn (số 4),Four (4),see,number,Bài 03,NotoSerifLao,fluorescent,Samsung_Galaxy,-8,printed_flashcard,test
gold_card_0129.jpg,ສີ່,Bốn (số 4),Four (4),see,number,Bài 03,NotoSansLaoLooped,low_light,Xiaomi_Redmi,8,printed_flashcard,test
gold_card_0130.jpg,ສ້ອມ,Nĩa / Dĩa,Fork,sawm,noun,Bài 03,NotoSerifLao,natural,Samsung_Galaxy,-8,printed_flashcard,test
gold_card_0131.jpg,ສ້ອມ,Nĩa / Dĩa,Fork,sawm,noun,Bài 03,NotoSansLaoLooped,fluorescent,Xiaomi_Redmi,8,printed_flashcard,dev
gold_card_0132.jpg,ສ້ອມ,Nĩa / Dĩa,Fork,sawm,noun,Bài 03,NotoSansLao,low_light,iPhone_14,0,printed_flashcard,dev
gold_card_0133.jpg,ສ້ອມ,Nĩa / Dĩa,Fork,sawm,noun,Bài 03,NotoSerifLao,cast_shadow,Samsung_Galaxy,-8,printed_flashcard,dev
gold_card_0134.jpg,ຫຼາຍ,Nhiều,Many / Much,lai,adjective,Bài 03,NotoSansLaoLooped,natural,Xiaomi_Redmi,8,printed_flashcard,test
gold_card_0135.jpg,ຫຼາຍ,Nhiều,Many / Much,lai,adjective,Bài 03,NotoSansLao,fluorescent,iPhone_14,0,printed_flashcard,test
gold_card_0136.jpg,ຫຼາຍ,Nhiều,Many / Much,lai,adjective,Bài 03,NotoSerifLao,low_light,Samsung_Galaxy,-8,printed_flashcard,test
gold_card_0137.jpg,ອັນ,Cái / Chiếc (loại từ),Item / Thing (classifier),an,noun,Bài 03,NotoSansLao,natural,iPhone_14,0,printed_flashcard,test
gold_card_0138.jpg,ອັນ,Cái / Chiếc (loại từ),Item / Thing (classifier),an,noun,Bài 03,NotoSerifLao,fluorescent,Samsung_Galaxy,-8,printed_flashcard,test
gold_card_0139.jpg,ອັນ,Cái / Chiếc (loại từ),Item / Thing (classifier),an,noun,Bài 03,NotoSansLaoLooped,low_light,Xiaomi_Redmi,8,printed_flashcard,test
gold_card_0140.jpg,ອັນ,Cái / Chiếc (loại từ),Item / Thing (classifier),an,noun,Bài 03,NotoSansLao,cast_shadow,iPhone_14,0,printed_flashcard,test
gold_card_0141.jpg,ເຄິ່ງ,Nửa / Một nửa,Half,khoeng,noun,Bài 03,NotoSerifLao,natural,Samsung_Galaxy,-8,printed_flashcard,dev
gold_card_0142.jpg,ເຄິ່ງ,Nửa / Một nửa,Half,khoeng,noun,Bài 03,NotoSansLaoLooped,fluorescent,Xiaomi_Redmi,8,printed_flashcard,test
gold_card_0143.jpg,ເຄິ່ງ,Nửa / Một nửa,Half,khoeng,noun,Bài 03,NotoSansLao,low_light,iPhone_14,0,printed_flashcard,dev
gold_card_0144.jpg,ເບີ,Số (hiệu),Number (phone/room),ber,noun,Bài 03,NotoSansLaoLooped,natural,Xiaomi_Redmi,8,printed_flashcard,test
gold_card_0145.jpg,ເບີ,Số (hiệu),Number (phone/room),ber,noun,Bài 03,NotoSansLao,fluorescent,iPhone_14,0,printed_flashcard,test
gold_card_0146.jpg,ເບີ,Số (hiệu),Number (phone/room),ber,noun,Bài 03,NotoSerifLao,low_light,Samsung_Galaxy,-8,printed_flashcard,test
gold_card_0147.jpg,ເບີ,Số (hiệu),Number (phone/room),ber,noun,Bài 03,NotoSansLaoLooped,cast_shadow,Xiaomi_Redmi,8,printed_flashcard,test
gold_card_0148.jpg,ແປດ,Tám (số 8),Eight (8),paet,number,Bài 03,NotoSansLao,natural,iPhone_14,0,printed_flashcard,dev
gold_card_0149.jpg,ແປດ,Tám (số 8),Eight (8),paet,number,Bài 03,NotoSerifLao,fluorescent,Samsung_Galaxy,-8,printed_flashcard,test
gold_card_0150.jpg,ແປດ,Tám (số 8),Eight (8),paet,number,Bài 03,NotoSansLaoLooped,low_light,Xiaomi_Redmi,8,printed_flashcard,test
gold_card_0151.jpg,ໜຶ່ງ,Một (số 1),One (1),neung,number,Bài 03,NotoSerifLao,natural,Samsung_Galaxy,-8,printed_flashcard,dev
gold_card_0152.jpg,ໜຶ່ງ,Một (số 1),One (1),neung,number,Bài 03,NotoSansLaoLooped,fluorescent,Xiaomi_Redmi,8,printed_flashcard,test
gold_card_0153.jpg,ໜຶ່ງ,Một (số 1),One (1),neung,number,Bài 03,NotoSansLao,low_light,iPhone_14,0,printed_flashcard,test
gold_card_0154.jpg,ໜຶ່ງ,Một (số 1),One (1),neung,number,Bài 03,NotoSerifLao,cast_shadow,Samsung_Galaxy,-8,printed_flashcard,test
gold_card_0155.jpg,ກ່ອນ,Trước,Before,kawn,adverb,Bài 04,NotoSansLaoLooped,natural,Xiaomi_Redmi,8,printed_flashcard,dev
gold_card_0156.jpg,ກ່ອນ,Trước,Before,kawn,adverb,Bài 04,NotoSansLao,fluorescent,iPhone_14,0,printed_flashcard,test
gold_card_0157.jpg,ກ່ອນ,Trước,Before,kawn,adverb,Bài 04,NotoSerifLao,low_light,Samsung_Galaxy,-8,printed_flashcard,test
gold_card_0158.jpg,ດຽວນີ້,Ngay bây giờ,Right now,diao-nee,adverb,Bài 04,NotoSansLao,natural,iPhone_14,0,printed_flashcard,test
gold_card_0159.jpg,ດຽວນີ້,Ngay bây giờ,Right now,diao-nee,adverb,Bài 04,NotoSerifLao,fluorescent,Samsung_Galaxy,-8,printed_flashcard,test
gold_card_0160.jpg,ດຽວນີ້,Ngay bây giờ,Right now,diao-nee,adverb,Bài 04,NotoSansLaoLooped,low_light,Xiaomi_Redmi,8,printed_flashcard,test
gold_card_0161.jpg,ດຽວນີ້,Ngay bây giờ,Right now,diao-nee,adverb,Bài 04,NotoSansLao,cast_shadow,iPhone_14,0,printed_flashcard,dev
gold_card_0162.jpg,ຕອນສວາຍ,Buổi trưa,Noon / Afternoon,tawn-suay,noun,Bài 04,NotoSerifLao,natural,Samsung_Galaxy,-8,printed_flashcard,dev
gold_card_0163.jpg,ຕອນສວາຍ,Buổi trưa,Noon / Afternoon,tawn-suay,noun,Bài 04,NotoSansLaoLooped,fluorescent,Xiaomi_Redmi,8,printed_flashcard,test
gold_card_0164.jpg,ຕອນສວາຍ,Buổi trưa,Noon / Afternoon,tawn-suay,noun,Bài 04,NotoSansLao,low_light,iPhone_14,0,printed_flashcard,test
gold_card_0165.jpg,ທັນ,Kịp,In time,than,verb,Bài 04,NotoSansLaoLooped,natural,Xiaomi_Redmi,8,printed_flashcard,test
gold_card_0166.jpg,ທັນ,Kịp,In time,than,verb,Bài 04,NotoSansLao,fluorescent,iPhone_14,0,printed_flashcard,test
gold_card_0167.jpg,ທັນ,Kịp,In time,than,verb,Bài 04,NotoSerifLao,low_light,Samsung_Galaxy,-8,printed_flashcard,test
gold_card_0168.jpg,ທັນ,Kịp,In time,than,verb,Bài 04,NotoSansLaoLooped,cast_shadow,Xiaomi_Redmi,8,printed_flashcard,dev
gold_card_0169.jpg,ບໍ່ທັນ,Không kịp,Not in time,baw-than,phrase,Bài 04,NotoSansLao,natural,iPhone_14,0,printed_flashcard,test
gold_card_0170.jpg,ບໍ່ທັນ,Không kịp,Not in time,baw-than,phrase,Bài 04,NotoSerifLao,fluorescent,Samsung_Galaxy,-8,printed_flashcard,test
gold_card_0171.jpg,ບໍ່ທັນ,Không kịp,Not in time,baw-than,phrase,Bài 04,NotoSansLaoLooped,low_light,Xiaomi_Redmi,8,printed_flashcard,dev
gold_card_0172.jpg,ປີໜ້າ,Năm sau,Next year,pee-naa,noun,Bài 04,NotoSerifLao,natural,Samsung_Galaxy,-8,printed_flashcard,test
gold_card_0173.jpg,ປີໜ້າ,Năm sau,Next year,pee-naa,noun,Bài 04,NotoSansLaoLooped,fluorescent,Xiaomi_Redmi,8,printed_flashcard,dev
gold_card_0174.jpg,ປີໜ້າ,Năm sau,Next year,pee-naa,noun,Bài 04,NotoSansLao,low_light,iPhone_14,0,printed_flashcard,test
gold_card_0175.jpg,ປີໜ້າ,Năm sau,Next year,pee-naa,noun,Bài 04,NotoSerifLao,cast_shadow,Samsung_Galaxy,-8,printed_flashcard,test
gold_card_0176.jpg,ມື້ວານນີ້,Hôm qua,Yesterday,meu-vaan-nee,noun,Bài 04,NotoSansLaoLooped,natural,Xiaomi_Redmi,8,printed_flashcard,test
gold_card_0177.jpg,ມື້ວານນີ້,Hôm qua,Yesterday,meu-vaan-nee,noun,Bài 04,NotoSansLao,fluorescent,iPhone_14,0,printed_flashcard,test
gold_card_0178.jpg,ມື້ວານນີ້,Hôm qua,Yesterday,meu-vaan-nee,noun,Bài 04,NotoSerifLao,low_light,Samsung_Galaxy,-8,printed_flashcard,test
gold_card_0179.jpg,ວັນ,Ngày (trang trọng),Day (formal),van,noun,Bài 04,NotoSansLao,natural,iPhone_14,0,printed_flashcard,test
gold_card_0180.jpg,ວັນ,Ngày (trang trọng),Day (formal),van,noun,Bài 04,NotoSerifLao,fluorescent,Samsung_Galaxy,-8,printed_flashcard,test
gold_card_0181.jpg,ວັນ,Ngày (trang trọng),Day (formal),van,noun,Bài 04,NotoSansLaoLooped,low_light,Xiaomi_Redmi,8,printed_flashcard,test
gold_card_0182.jpg,ວັນ,Ngày (trang trọng),Day (formal),van,noun,Bài 04,NotoSansLao,cast_shadow,iPhone_14,0,printed_flashcard,dev
gold_card_0183.jpg,ວັນພັກ,Ngày nghỉ,Holiday / Day off,van-phak,noun,Bài 04,NotoSerifLao,natural,Samsung_Galaxy,-8,printed_flashcard,test
gold_card_0184.jpg,ວັນພັກ,Ngày nghỉ,Holiday / Day off,van-phak,noun,Bài 04,NotoSansLaoLooped,fluorescent,Xiaomi_Redmi,8,printed_flashcard,test
gold_card_0185.jpg,ວັນພັກ,Ngày nghỉ,Holiday / Day off,van-phak,noun,Bài 04,NotoSansLao,low_light,iPhone_14,0,printed_flashcard,test
gold_card_0186.jpg,ວັນອັງຄານ,Thứ Ba,Tuesday,van-ang-khaan,noun,Bài 04,NotoSansLaoLooped,natural,Xiaomi_Redmi,8,printed_flashcard,dev
gold_card_0187.jpg,ວັນອັງຄານ,Thứ Ba,Tuesday,van-ang-khaan,noun,Bài 04,NotoSansLao,fluorescent,iPhone_14,0,printed_flashcard,dev
gold_card_0188.jpg,ວັນອັງຄານ,Thứ Ba,Tuesday,van-ang-khaan,noun,Bài 04,NotoSerifLao,low_light,Samsung_Galaxy,-8,printed_flashcard,test
gold_card_0189.jpg,ວັນອັງຄານ,Thứ Ba,Tuesday,van-ang-khaan,noun,Bài 04,NotoSansLaoLooped,cast_shadow,Xiaomi_Redmi,8,printed_flashcard,test
gold_card_0190.jpg,ວັນເສົາ,Thứ Bảy,Saturday,van-sao,noun,Bài 04,NotoSansLao,natural,iPhone_14,0,printed_flashcard,test
gold_card_0191.jpg,ວັນເສົາ,Thứ Bảy,Saturday,van-sao,noun,Bài 04,NotoSerifLao,fluorescent,Samsung_Galaxy,-8,printed_flashcard,test
gold_card_0192.jpg,ວັນເສົາ,Thứ Bảy,Saturday,van-sao,noun,Bài 04,NotoSansLaoLooped,low_light,Xiaomi_Redmi,8,printed_flashcard,test
gold_card_0193.jpg,ຫຼັງ,Sau,After,lang,adverb,Bài 04,NotoSerifLao,natural,Samsung_Galaxy,-8,printed_flashcard,dev
gold_card_0194.jpg,ຫຼັງ,Sau,After,lang,adverb,Bài 04,NotoSansLaoLooped,fluorescent,Xiaomi_Redmi,8,printed_flashcard,test
gold_card_0195.jpg,ຫຼັງ,Sau,After,lang,adverb,Bài 04,NotoSansLao,low_light,iPhone_14,0,printed_flashcard,dev
gold_card_0196.jpg,ຫຼັງ,Sau,After,lang,adverb,Bài 04,NotoSerifLao,cast_shadow,Samsung_Galaxy,-8,printed_flashcard,test
gold_card_0197.jpg,ອາທິດໜ້າ,Tuần sau / Tuần tới,Next week,aa-thit-naa,noun,Bài 04,NotoSansLaoLooped,natural,Xiaomi_Redmi,8,printed_flashcard,test
gold_card_0198.jpg,ອາທິດໜ້າ,Tuần sau / Tuần tới,Next week,aa-thit-naa,noun,Bài 04,NotoSansLao,fluorescent,iPhone_14,0,printed_flashcard,test
gold_card_0199.jpg,ອາທິດໜ້າ,Tuần sau / Tuần tới,Next week,aa-thit-naa,noun,Bài 04,NotoSerifLao,low_light,Samsung_Galaxy,-8,printed_flashcard,test
gold_card_0200.jpg,ເດືອນແລ້ວ,Tháng trước,Last month,deuan-laew,noun,Bài 04,NotoSansLao,natural,iPhone_14,0,printed_flashcard,test
gold_card_0201.jpg,ເດືອນແລ້ວ,Tháng trước,Last month,deuan-laew,noun,Bài 04,NotoSerifLao,fluorescent,Samsung_Galaxy,-8,printed_flashcard,test
gold_card_0202.jpg,ເດືອນແລ້ວ,Tháng trước,Last month,deuan-laew,noun,Bài 04,NotoSansLaoLooped,low_light,Xiaomi_Redmi,8,printed_flashcard,test
gold_card_0203.jpg,ເດືອນແລ້ວ,Tháng trước,Last month,deuan-laew,noun,Bài 04,NotoSansLao,cast_shadow,iPhone_14,0,printed_flashcard,test
gold_card_0204.jpg,ໂມງ,Giờ / Đồng hồ,O'clock / Watch,moong,noun,Bài 04,NotoSerifLao,natural,Samsung_Galaxy,-8,printed_flashcard,test
gold_card_0205.jpg,ໂມງ,Giờ / Đồng hồ,O'clock / Watch,moong,noun,Bài 04,NotoSansLaoLooped,fluorescent,Xiaomi_Redmi,8,printed_flashcard,dev
gold_card_0206.jpg,ໂມງ,Giờ / Đồng hồ,O'clock / Watch,moong,noun,Bài 04,NotoSansLao,low_light,iPhone_14,0,printed_flashcard,test
gold_card_0207.jpg,ກະເປົາ,Cặp sách / Túi xách,Bag / Backpack,ka-pao,noun,Bài 05,NotoSansLaoLooped,natural,Xiaomi_Redmi,8,printed_flashcard,test
gold_card_0208.jpg,ກະເປົາ,Cặp sách / Túi xách,Bag / Backpack,ka-pao,noun,Bài 05,NotoSansLao,fluorescent,iPhone_14,0,printed_flashcard,dev
gold_card_0209.jpg,ກະເປົາ,Cặp sách / Túi xách,Bag / Backpack,ka-pao,noun,Bài 05,NotoSerifLao,low_light,Samsung_Galaxy,-8,printed_flashcard,dev
gold_card_0210.jpg,ກະເປົາ,Cặp sách / Túi xách,Bag / Backpack,ka-pao,noun,Bài 05,NotoSansLaoLooped,cast_shadow,Xiaomi_Redmi,8,printed_flashcard,test
gold_card_0211.jpg,ຄະແນນ,Điểm số,Score / Mark,kha-naen,noun,Bài 05,NotoSansLao,natural,iPhone_14,0,printed_flashcard,test
gold_card_0212.jpg,ຄະແນນ,Điểm số,Score / Mark,kha-naen,noun,Bài 05,NotoSerifLao,fluorescent,Samsung_Galaxy,-8,printed_flashcard,test
gold_card_0213.jpg,ຄະແນນ,Điểm số,Score / Mark,kha-naen,noun,Bài 05,NotoSansLaoLooped,low_light,Xiaomi_Redmi,8,printed_flashcard,test
gold_card_0214.jpg,ຄູ,Thầy giáo / Cô giáo,Teacher,khuu,noun,Bài 05,NotoSerifLao,natural,Samsung_Galaxy,-8,printed_flashcard,dev
gold_card_0215.jpg,ຄູ,Thầy giáo / Cô giáo,Teacher,khuu,noun,Bài 05,NotoSansLaoLooped,fluorescent,Xiaomi_Redmi,8,printed_flashcard,dev
gold_card_0216.jpg,ຄູ,Thầy giáo / Cô giáo,Teacher,khuu,noun,Bài 05,NotoSansLao,low_light,iPhone_14,0,printed_flashcard,test
gold_card_0217.jpg,ຄູ,Thầy giáo / Cô giáo,Teacher,khuu,noun,Bài 05,NotoSerifLao,cast_shadow,Samsung_Galaxy,-8,printed_flashcard,test
gold_card_0218.jpg,ຍາກ,Khó,Difficult / Hard,nyaak,adjective,Bài 05,NotoSansLaoLooped,natural,Xiaomi_Redmi,8,printed_flashcard,dev
gold_card_0219.jpg,ຍາກ,Khó,Difficult / Hard,nyaak,adjective,Bài 05,NotoSansLao,fluorescent,iPhone_14,0,printed_flashcard,test
gold_card_0220.jpg,ຍາກ,Khó,Difficult / Hard,nyaak,adjective,Bài 05,NotoSerifLao,low_light,Samsung_Galaxy,-8,printed_flashcard,dev
gold_card_0221.jpg,ຕັ້ງໃຈ,Chăm chỉ / Tập trung,Attentive / Diligent,tang-chai,adjective,Bài 05,NotoSansLao,natural,iPhone_14,0,printed_flashcard,test
gold_card_0222.jpg,ຕັ້ງໃຈ,Chăm chỉ / Tập trung,Attentive / Diligent,tang-chai,adjective,Bài 05,NotoSerifLao,fluorescent,Samsung_Galaxy,-8,printed_flashcard,test
gold_card_0223.jpg,ຕັ້ງໃຈ,Chăm chỉ / Tập trung,Attentive / Diligent,tang-chai,adjective,Bài 05,NotoSansLaoLooped,low_light,Xiaomi_Redmi,8,printed_flashcard,test
gold_card_0224.jpg,ຕັ້ງໃຈ,Chăm chỉ / Tập trung,Attentive / Diligent,tang-chai,adjective,Bài 05,NotoSansLao,cast_shadow,iPhone_14,0,printed_flashcard,test
gold_card_0225.jpg,ນັກຮຽນ,Học sinh,Student / Pupil,nak-hian,noun,Bài 05,NotoSerifLao,natural,Samsung_Galaxy,-8,printed_flashcard,test
gold_card_0226.jpg,ນັກຮຽນ,Học sinh,Student / Pupil,nak-hian,noun,Bài 05,NotoSansLaoLooped,fluorescent,Xiaomi_Redmi,8,printed_flashcard,dev
gold_card_0227.jpg,ນັກຮຽນ,Học sinh,Student / Pupil,nak-hian,noun,Bài 05,NotoSansLao,low_light,iPhone_14,0,printed_flashcard,test
gold_card_0228.jpg,ປຶ້ມ,Sách / Vở,Book / Notebook,peum,noun,Bài 05,NotoSansLaoLooped,natural,Xiaomi_Redmi,8,printed_flashcard,test
gold_card_0229.jpg,ປຶ້ມ,Sách / Vở,Book / Notebook,peum,noun,Bài 05,NotoSansLao,fluorescent,iPhone_14,0,printed_flashcard,dev
gold_card_0230.jpg,ປຶ້ມ,Sách / Vở,Book / Notebook,peum,noun,Bài 05,NotoSerifLao,low_light,Samsung_Galaxy,-8,printed_flashcard,test
gold_card_0231.jpg,ປຶ້ມ,Sách / Vở,Book / Notebook,peum,noun,Bài 05,NotoSansLaoLooped,cast_shadow,Xiaomi_Redmi,8,printed_flashcard,test
gold_card_0232.jpg,ພັກຜ່ອນ,Nghỉ giải lao / Nghỉ ngơi,Break / Rest,phak-phawn,verb,Bài 05,NotoSansLao,natural,iPhone_14,0,printed_flashcard,test
gold_card_0233.jpg,ພັກຜ່ອນ,Nghỉ giải lao / Nghỉ ngơi,Break / Rest,phak-phawn,verb,Bài 05,NotoSerifLao,fluorescent,Samsung_Galaxy,-8,printed_flashcard,dev
gold_card_0234.jpg,ພັກຜ່ອນ,Nghỉ giải lao / Nghỉ ngơi,Break / Rest,phak-phawn,verb,Bài 05,NotoSansLaoLooped,low_light,Xiaomi_Redmi,8,printed_flashcard,test
gold_card_0235.jpg,ຢາງລຶບ,Cục tẩy / Cục gôm,Eraser,yaang-leup,noun,Bài 05,NotoSerifLao,natural,Samsung_Galaxy,-8,printed_flashcard,dev
gold_card_0236.jpg,ຢາງລຶບ,Cục tẩy / Cục gôm,Eraser,yaang-leup,noun,Bài 05,NotoSansLaoLooped,fluorescent,Xiaomi_Redmi,8,printed_flashcard,test
gold_card_0237.jpg,ຢາງລຶບ,Cục tẩy / Cục gôm,Eraser,yaang-leup,noun,Bài 05,NotoSansLao,low_light,iPhone_14,0,printed_flashcard,dev
gold_card_0238.jpg,ຢາງລຶບ,Cục tẩy / Cục gôm,Eraser,yaang-leup,noun,Bài 05,NotoSerifLao,cast_shadow,Samsung_Galaxy,-8,printed_flashcard,test
gold_card_0239.jpg,ສອນ,Dạy,To teach,sawn,verb,Bài 05,NotoSansLaoLooped,natural,Xiaomi_Redmi,8,printed_flashcard,test
gold_card_0240.jpg,ສອນ,Dạy,To teach,sawn,verb,Bài 05,NotoSansLao,fluorescent,iPhone_14,0,printed_flashcard,test
gold_card_0241.jpg,ສອນ,Dạy,To teach,sawn,verb,Bài 05,NotoSerifLao,low_light,Samsung_Galaxy,-8,printed_flashcard,test
gold_card_0242.jpg,ຫ້ອງສະໝຸດ,Thư viện,Library,hong-sa-mut,noun,Bài 05,NotoSansLao,natural,iPhone_14,0,printed_flashcard,dev
gold_card_0243.jpg,ຫ້ອງສະໝຸດ,Thư viện,Library,hong-sa-mut,noun,Bài 05,NotoSerifLao,fluorescent,Samsung_Galaxy,-8,printed_flashcard,test
gold_card_0244.jpg,ຫ້ອງສະໝຸດ,Thư viện,Library,hong-sa-mut,noun,Bài 05,NotoSansLaoLooped,low_light,Xiaomi_Redmi,8,printed_flashcard,test
gold_card_0245.jpg,ຫ້ອງສະໝຸດ,Thư viện,Library,hong-sa-mut,noun,Bài 05,NotoSansLao,cast_shadow,iPhone_14,0,printed_flashcard,test
gold_card_0246.jpg,ອ່ານ,Đọc,To read,aan,verb,Bài 05,NotoSerifLao,natural,Samsung_Galaxy,-8,printed_flashcard,test
gold_card_0247.jpg,ອ່ານ,Đọc,To read,aan,verb,Bài 05,NotoSansLaoLooped,fluorescent,Xiaomi_Redmi,8,printed_flashcard,test
gold_card_0248.jpg,ອ່ານ,Đọc,To read,aan,verb,Bài 05,NotoSansLao,low_light,iPhone_14,0,printed_flashcard,test
gold_card_0249.jpg,ເກັ່ງ,Giỏi / Xuất sắc,Good at / Clever,keng,adjective,Bài 05,NotoSansLaoLooped,natural,Xiaomi_Redmi,8,printed_flashcard,test
gold_card_0250.jpg,ເກັ່ງ,Giỏi / Xuất sắc,Good at / Clever,keng,adjective,Bài 05,NotoSansLao,fluorescent,iPhone_14,0,printed_flashcard,test
gold_card_0251.jpg,ເກັ່ງ,Giỏi / Xuất sắc,Good at / Clever,keng,adjective,Bài 05,NotoSerifLao,low_light,Samsung_Galaxy,-8,printed_flashcard,dev
gold_card_0252.jpg,ເກັ່ງ,Giỏi / Xuất sắc,Good at / Clever,keng,adjective,Bài 05,NotoSansLaoLooped,cast_shadow,Xiaomi_Redmi,8,printed_flashcard,test
gold_card_0253.jpg,ເລີກຮຽນ,Tan học,Class dismisses,loek-hian,verb,Bài 05,NotoSansLao,natural,iPhone_14,0,printed_flashcard,test
gold_card_0254.jpg,ເລີກຮຽນ,Tan học,Class dismisses,loek-hian,verb,Bài 05,NotoSerifLao,fluorescent,Samsung_Galaxy,-8,printed_flashcard,dev
gold_card_0255.jpg,ເລີກຮຽນ,Tan học,Class dismisses,loek-hian,verb,Bài 05,NotoSansLaoLooped,low_light,Xiaomi_Redmi,8,printed_flashcard,dev
gold_card_0256.jpg,ໄມ້ບັນທັດ,Thước kẻ,Ruler,mai-ban-that,noun,Bài 05,NotoSerifLao,natural,Samsung_Galaxy,-8,printed_flashcard,test
gold_card_0257.jpg,ໄມ້ບັນທັດ,Thước kẻ,Ruler,mai-ban-that,noun,Bài 05,NotoSansLaoLooped,fluorescent,Xiaomi_Redmi,8,printed_flashcard,dev
gold_card_0258.jpg,ໄມ້ບັນທັດ,Thước kẻ,Ruler,mai-ban-that,noun,Bài 05,NotoSansLao,low_light,iPhone_14,0,printed_flashcard,test
gold_card_0259.jpg,ໄມ້ບັນທັດ,Thước kẻ,Ruler,mai-ban-that,noun,Bài 05,NotoSerifLao,cast_shadow,Samsung_Galaxy,-8,printed_flashcard,dev
gold_card_0260.jpg,ກິນ,Ăn,To eat,kin,verb,Bài 06,NotoSansLaoLooped,natural,Xiaomi_Redmi,8,printed_flashcard,test
gold_card_0261.jpg,ກິນ,Ăn,To eat,kin,verb,Bài 06,NotoSansLao,fluorescent,iPhone_14,0,printed_flashcard,dev
gold_card_0262.jpg,ກິນ,Ăn,To eat,kin,verb,Bài 06,NotoSerifLao,low_light,Samsung_Galaxy,-8,printed_flashcard,dev
gold_card_0263.jpg,ຊາ,Trà / Chè,Tea,saa,noun,Bài 06,NotoSansLao,natural,iPhone_14,0,printed_flashcard,dev
gold_card_0264.jpg,ຊາ,Trà / Chè,Tea,saa,noun,Bài 06,NotoSerifLao,fluorescent,Samsung_Galaxy,-8,printed_flashcard,dev
gold_card_0265.jpg,ຊາ,Trà / Chè,Tea,saa,noun,Bài 06,NotoSansLaoLooped,low_light,Xiaomi_Redmi,8,printed_flashcard,test
gold_card_0266.jpg,ຊາ,Trà / Chè,Tea,saa,noun,Bài 06,NotoSansLao,cast_shadow,iPhone_14,0,printed_flashcard,dev
gold_card_0267.jpg,ຊີ້ນໄກ່,Thịt gà,Chicken meat,seen-kai,noun,Bài 06,NotoSerifLao,natural,Samsung_Galaxy,-8,printed_flashcard,test
gold_card_0268.jpg,ຊີ້ນໄກ່,Thịt gà,Chicken meat,seen-kai,noun,Bài 06,NotoSansLaoLooped,fluorescent,Xiaomi_Redmi,8,printed_flashcard,test
gold_card_0269.jpg,ຊີ້ນໄກ່,Thịt gà,Chicken meat,seen-kai,noun,Bài 06,NotoSansLao,low_light,iPhone_14,0,printed_flashcard,test
gold_card_0270.jpg,ຕຳໝາກຫຸ່ງ,Nộm đu đủ (Tam Mak Houng),Papaya salad,tam-maak-hung,noun,Bài 06,NotoSansLaoLooped,natural,Xiaomi_Redmi,8,printed_flashcard,test
gold_card_0271.jpg,ຕຳໝາກຫຸ່ງ,Nộm đu đủ (Tam Mak Houng),Papaya salad,tam-maak-hung,noun,Bài 06,NotoSansLao,fluorescent,iPhone_14,0,printed_flashcard,dev
gold_card_0272.jpg,ຕຳໝາກຫຸ່ງ,Nộm đu đủ (Tam Mak Houng),Papaya salad,tam-maak-hung,noun,Bài 06,NotoSerifLao,low_light,Samsung_Galaxy,-8,printed_flashcard,test
gold_card_0273.jpg,ຕຳໝາກຫຸ່ງ,Nộm đu đủ (Tam Mak Houng),Papaya salad,tam-maak-hung,noun,Bài 06,NotoSansLaoLooped,cast_shadow,Xiaomi_Redmi,8,printed_flashcard,test
gold_card_0274.jpg,ນົມ,Sữa,Milk,nom,noun,Bài 06,NotoSansLao,natural,iPhone_14,0,printed_flashcard,test
gold_card_0275.jpg,ນົມ,Sữa,Milk,nom,noun,Bài 06,NotoSerifLao,fluorescent,Samsung_Galaxy,-8,printed_flashcard,dev
gold_card_0276.jpg,ນົມ,Sữa,Milk,nom,noun,Bài 06,NotoSansLaoLooped,low_light,Xiaomi_Redmi,8,printed_flashcard,dev
gold_card_0277.jpg,ບໍ່ເຜັດ,Không cay,Not spicy,baw-phet,phrase,Bài 06,NotoSerifLao,natural,Samsung_Galaxy,-8,printed_flashcard,test
gold_card_0278.jpg,ບໍ່ເຜັດ,Không cay,Not spicy,baw-phet,phrase,Bài 06,NotoSansLaoLooped,fluorescent,Xiaomi_Redmi,8,printed_flashcard,test
gold_card_0279.jpg,ບໍ່ເຜັດ,Không cay,Not spicy,baw-phet,phrase,Bài 06,NotoSansLao,low_light,iPhone_14,0,printed_flashcard,test
gold_card_0280.jpg,ບໍ່ເຜັດ,Không cay,Not spicy,baw-phet,phrase,Bài 06,NotoSerifLao,cast_shadow,Samsung_Galaxy,-8,printed_flashcard,dev
gold_card_0281.jpg,ຜັກ,Rau,Vegetable,phak,noun,Bài 06,NotoSansLaoLooped,natural,Xiaomi_Redmi,8,printed_flashcard,test
gold_card_0282.jpg,ຜັກ,Rau,Vegetable,phak,noun,Bài 06,NotoSansLao,fluorescent,iPhone_14,0,printed_flashcard,test
gold_card_0283.jpg,ຜັກ,Rau,Vegetable,phak,noun,Bài 06,NotoSerifLao,low_light,Samsung_Galaxy,-8,printed_flashcard,test
gold_card_0284.jpg,ຫວານ,Ngọt,Sweet,vaan,adjective,Bài 06,NotoSansLao,natural,iPhone_14,0,printed_flashcard,test
gold_card_0285.jpg,ຫວານ,Ngọt,Sweet,vaan,adjective,Bài 06,NotoSerifLao,fluorescent,Samsung_Galaxy,-8,printed_flashcard,dev
gold_card_0286.jpg,ຫວານ,Ngọt,Sweet,vaan,adjective,Bài 06,NotoSansLaoLooped,low_light,Xiaomi_Redmi,8,printed_flashcard,test
gold_card_0287.jpg,ຫວານ,Ngọt,Sweet,vaan,adjective,Bài 06,NotoSansLao,cast_shadow,iPhone_14,0,printed_flashcard,test
gold_card_0288.jpg,ຮ້ອນ,Nóng,Hot,hawn,adjective,Bài 06,NotoSerifLao,natural,Samsung_Galaxy,-8,printed_flashcard,test
gold_card_0289.jpg,ຮ້ອນ,Nóng,Hot,hawn,adjective,Bài 06,NotoSansLaoLooped,fluorescent,Xiaomi_Redmi,8,printed_flashcard,test
gold_card_0290.jpg,ຮ້ອນ,Nóng,Hot,hawn,adjective,Bài 06,NotoSansLao,low_light,iPhone_14,0,printed_flashcard,dev
gold_card_0291.jpg,ເຂົ້ານຽວ,Xôi (gạo nếp Lào),Sticky rice,khao-niao,noun,Bài 06,NotoSansLaoLooped,natural,Xiaomi_Redmi,8,printed_flashcard,test
gold_card_0292.jpg,ເຂົ້ານຽວ,Xôi (gạo nếp Lào),Sticky rice,khao-niao,noun,Bài 06,NotoSansLao,fluorescent,iPhone_14,0,printed_flashcard,dev
gold_card_0293.jpg,ເຂົ້ານຽວ,Xôi (gạo nếp Lào),Sticky rice,khao-niao,noun,Bài 06,NotoSerifLao,low_light,Samsung_Galaxy,-8,printed_flashcard,dev
gold_card_0294.jpg,ເຂົ້ານຽວ,Xôi (gạo nếp Lào),Sticky rice,khao-niao,noun,Bài 06,NotoSansLaoLooped,cast_shadow,Xiaomi_Redmi,8,printed_flashcard,dev
gold_card_0295.jpg,ເຄັມ,Mặn,Salty,khem,adjective,Bài 06,NotoSansLao,natural,iPhone_14,0,printed_flashcard,dev
gold_card_0296.jpg,ເຄັມ,Mặn,Salty,khem,adjective,Bài 06,NotoSerifLao,fluorescent,Samsung_Galaxy,-8,printed_flashcard,test
gold_card_0297.jpg,ເຄັມ,Mặn,Salty,khem,adjective,Bài 06,NotoSansLaoLooped,low_light,Xiaomi_Redmi,8,printed_flashcard,dev
gold_card_0298.jpg,ເຝີ,Phở,Pho noodle soup,foe,noun,Bài 06,NotoSerifLao,natural,Samsung_Galaxy,-8,printed_flashcard,dev
gold_card_0299.jpg,ເຝີ,Phở,Pho noodle soup,foe,noun,Bài 06,NotoSansLaoLooped,fluorescent,Xiaomi_Redmi,8,printed_flashcard,dev
gold_card_0300.jpg,ເຝີ,Phở,Pho noodle soup,foe,noun,Bài 06,NotoSansLao,low_light,iPhone_14,0,printed_flashcard,test
gold_card_0301.jpg,ເຝີ,Phở,Pho noodle soup,foe,noun,Bài 06,NotoSerifLao,cast_shadow,Samsung_Galaxy,-8,printed_flashcard,dev
gold_card_0302.jpg,ແກງ,Canh / Súp,Soup / Curry,kaeng,noun,Bài 06,NotoSansLaoLooped,natural,Xiaomi_Redmi,8,printed_flashcard,dev
gold_card_0303.jpg,ແກງ,Canh / Súp,Soup / Curry,kaeng,noun,Bài 06,NotoSansLao,fluorescent,iPhone_14,0,printed_flashcard,test
gold_card_0304.jpg,ແກງ,Canh / Súp,Soup / Curry,kaeng,noun,Bài 06,NotoSerifLao,low_light,Samsung_Galaxy,-8,printed_flashcard,test
gold_card_0305.jpg,ໝາກກ້ວຍ,Quả chuối,Banana,maak-kluay,noun,Bài 06,NotoSansLao,natural,iPhone_14,0,printed_flashcard,dev
gold_card_0306.jpg,ໝາກກ້ວຍ,Quả chuối,Banana,maak-kluay,noun,Bài 06,NotoSerifLao,fluorescent,Samsung_Galaxy,-8,printed_flashcard,test
gold_card_0307.jpg,ໝາກກ້ວຍ,Quả chuối,Banana,maak-kluay,noun,Bài 06,NotoSansLaoLooped,low_light,Xiaomi_Redmi,8,printed_flashcard,test
gold_card_0308.jpg,ໝາກກ້ວຍ,Quả chuối,Banana,maak-kluay,noun,Bài 06,NotoSansLao,cast_shadow,iPhone_14,0,printed_flashcard,test
gold_card_0309.jpg,ໝາກໂມ,Quả dưa hấu,Watermelon,maak-moo,noun,Bài 06,NotoSerifLao,natural,Samsung_Galaxy,-8,printed_flashcard,test
gold_card_0310.jpg,ໝາກໂມ,Quả dưa hấu,Watermelon,maak-moo,noun,Bài 06,NotoSansLaoLooped,fluorescent,Xiaomi_Redmi,8,printed_flashcard,dev
gold_card_0311.jpg,ໝາກໂມ,Quả dưa hấu,Watermelon,maak-moo,noun,Bài 06,NotoSansLao,low_light,iPhone_14,0,printed_flashcard,test
gold_card_0312.jpg,ກີບ,Đồng Kíp (tiền tệ Lào),Kip (Lao currency),keep,noun,Bài 07,NotoSansLaoLooped,natural,Xiaomi_Redmi,8,printed_flashcard,test
gold_card_0313.jpg,ກີບ,Đồng Kíp (tiền tệ Lào),Kip (Lao currency),keep,noun,Bài 07,NotoSansLao,fluorescent,iPhone_14,0,printed_flashcard,dev
gold_card_0314.jpg,ກີບ,Đồng Kíp (tiền tệ Lào),Kip (Lao currency),keep,noun,Bài 07,NotoSerifLao,low_light,Samsung_Galaxy,-8,printed_flashcard,test
gold_card_0315.jpg,ກີບ,Đồng Kíp (tiền tệ Lào),Kip (Lao currency),keep,noun,Bài 07,NotoSansLaoLooped,cast_shadow,Xiaomi_Redmi,8,printed_flashcard,test
gold_card_0316.jpg,ຈ່າຍ,Trả / Thanh toán,To pay,chaai,verb,Bài 07,NotoSansLao,natural,iPhone_14,0,printed_flashcard,dev
gold_card_0317.jpg,ຈ່າຍ,Trả / Thanh toán,To pay,chaai,verb,Bài 07,NotoSerifLao,fluorescent,Samsung_Galaxy,-8,printed_flashcard,test
gold_card_0318.jpg,ຈ່າຍ,Trả / Thanh toán,To pay,chaai,verb,Bài 07,NotoSansLaoLooped,low_light,Xiaomi_Redmi,8,printed_flashcard,dev
gold_card_0319.jpg,ຕະຫຼາດ,Chợ,Market,ta-laat,noun,Bài 07,NotoSerifLao,natural,Samsung_Galaxy,-8,printed_flashcard,test
gold_card_0320.jpg,ຕະຫຼາດ,Chợ,Market,ta-laat,noun,Bài 07,NotoSansLaoLooped,fluorescent,Xiaomi_Redmi,8,printed_flashcard,test
gold_card_0321.jpg,ຕະຫຼາດ,Chợ,Market,ta-laat,noun,Bài 07,NotoSansLao,low_light,iPhone_14,0,printed_flashcard,test
gold_card_0322.jpg,ຕະຫຼາດ,Chợ,Market,ta-laat,noun,Bài 07,NotoSerifLao,cast_shadow,Samsung_Galaxy,-8,printed_flashcard,dev
gold_card_0323.jpg,ຖົງຢາງ,Túi nilon,Plastic bag,thong-yaang,noun,Bài 07,NotoSansLaoLooped,natural,Xiaomi_Redmi,8,printed_flashcard,test
gold_card_0324.jpg,ຖົງຢາງ,Túi nilon,Plastic bag,thong-yaang,noun,Bài 07,NotoSansLao,fluorescent,iPhone_14,0,printed_flashcard,test
gold_card_0325.jpg,ຖົງຢາງ,Túi nilon,Plastic bag,thong-yaang,noun,Bài 07,NotoSerifLao,low_light,Samsung_Galaxy,-8,printed_flashcard,dev
gold_card_0326.jpg,ບໍ່ເອົາ,Không lấy,Don't want,baw-ao,phrase,Bài 07,NotoSansLao,natural,iPhone_14,0,printed_flashcard,test
gold_card_0327.jpg,ບໍ່ເອົາ,Không lấy,Don't want,baw-ao,phrase,Bài 07,NotoSerifLao,fluorescent,Samsung_Galaxy,-8,printed_flashcard,test
gold_card_0328.jpg,ບໍ່ເອົາ,Không lấy,Don't want,baw-ao,phrase,Bài 07,NotoSansLaoLooped,low_light,Xiaomi_Redmi,8,printed_flashcard,test
gold_card_0329.jpg,ບໍ່ເອົາ,Không lấy,Don't want,baw-ao,phrase,Bài 07,NotoSansLao,cast_shadow,iPhone_14,0,printed_flashcard,dev
gold_card_0330.jpg,ລາຄາ,Giá cả / Mức giá,Price / Cost,laa-khaa,noun,Bài 07,NotoSerifLao,natural,Samsung_Galaxy,-8,printed_flashcard,dev
gold_card_0331.jpg,ລາຄາ,Giá cả / Mức giá,Price / Cost,laa-khaa,noun,Bài 07,NotoSansLaoLooped,fluorescent,Xiaomi_Redmi,8,printed_flashcard,test
gold_card_0332.jpg,ລາຄາ,Giá cả / Mức giá,Price / Cost,laa-khaa,noun,Bài 07,NotoSansLao,low_light,iPhone_14,0,printed_flashcard,dev
gold_card_0333.jpg,ສາຍແອວ,Thắt lưng / Dây nịt,Belt,saai-aew,noun,Bài 07,NotoSansLaoLooped,natural,Xiaomi_Redmi,8,printed_flashcard,test
gold_card_0334.jpg,ສາຍແອວ,Thắt lưng / Dây nịt,Belt,saai-aew,noun,Bài 07,NotoSansLao,fluorescent,iPhone_14,0,printed_flashcard,dev
gold_card_0335.jpg,ສາຍແອວ,Thắt lưng / Dây nịt,Belt,saai-aew,noun,Bài 07,NotoSerifLao,low_light,Samsung_Galaxy,-8,printed_flashcard,test
gold_card_0336.jpg,ສາຍແອວ,Thắt lưng / Dây nịt,Belt,saai-aew,noun,Bài 07,NotoSansLaoLooped,cast_shadow,Xiaomi_Redmi,8,printed_flashcard,test
gold_card_0337.jpg,ຫຼຸດ,Giảm / Bớt,To discount / To reduce,lut,verb,Bài 07,NotoSansLao,natural,iPhone_14,0,printed_flashcard,test
gold_card_0338.jpg,ຫຼຸດ,Giảm / Bớt,To discount / To reduce,lut,verb,Bài 07,NotoSerifLao,fluorescent,Samsung_Galaxy,-8,printed_flashcard,test
gold_card_0339.jpg,ຫຼຸດ,Giảm / Bớt,To discount / To reduce,lut,verb,Bài 07,NotoSansLaoLooped,low_light,Xiaomi_Redmi,8,printed_flashcard,test
gold_card_0340.jpg,ຮ້ານຄ້າ,Cửa hàng bách hóa,Grocery store,haan-khaa,noun,Bài 07,NotoSerifLao,natural,Samsung_Galaxy,-8,printed_flashcard,test
gold_card_0341.jpg,ຮ້ານຄ້າ,Cửa hàng bách hóa,Grocery store,haan-khaa,noun,Bài 07,NotoSansLaoLooped,fluorescent,Xiaomi_Redmi,8,printed_flashcard,dev
gold_card_0342.jpg,ຮ້ານຄ້າ,Cửa hàng bách hóa,Grocery store,haan-khaa,noun,Bài 07,NotoSansLao,low_light,iPhone_14,0,printed_flashcard,test
gold_card_0343.jpg,ຮ້ານຄ້າ,Cửa hàng bách hóa,Grocery store,haan-khaa,noun,Bài 07,NotoSerifLao,cast_shadow,Samsung_Galaxy,-8,printed_flashcard,test
gold_card_0344.jpg,ເຄື່ອງ,Đồ đạc / Hàng hóa,Thing / Goods,khuang,noun,Bài 07,NotoSansLaoLooped,natural,Xiaomi_Redmi,8,printed_flashcard,test
gold_card_0345.jpg,ເຄື່ອງ,Đồ đạc / Hàng hóa,Thing / Goods,khuang,noun,Bài 07,NotoSansLao,fluorescent,iPhone_14,0,printed_flashcard,dev
gold_card_0346.jpg,ເຄື່ອງ,Đồ đạc / Hàng hóa,Thing / Goods,khuang,noun,Bài 07,NotoSerifLao,low_light,Samsung_Galaxy,-8,printed_flashcard,test
gold_card_0347.jpg,ເງິນສົດ,Tiền mặt,Cash,ngoen-sot,noun,Bài 07,NotoSansLao,natural,iPhone_14,0,printed_flashcard,test
gold_card_0348.jpg,ເງິນສົດ,Tiền mặt,Cash,ngoen-sot,noun,Bài 07,NotoSerifLao,fluorescent,Samsung_Galaxy,-8,printed_flashcard,test
gold_card_0349.jpg,ເງິນສົດ,Tiền mặt,Cash,ngoen-sot,noun,Bài 07,NotoSansLaoLooped,low_light,Xiaomi_Redmi,8,printed_flashcard,test
gold_card_0350.jpg,ເງິນສົດ,Tiền mặt,Cash,ngoen-sot,noun,Bài 07,NotoSansLao,cast_shadow,iPhone_14,0,printed_flashcard,test
gold_card_0351.jpg,ແພງ,Đắt / Đắt đỏ,Expensive,phaeng,adjective,Bài 07,NotoSerifLao,natural,Samsung_Galaxy,-8,printed_flashcard,test
gold_card_0352.jpg,ແພງ,Đắt / Đắt đỏ,Expensive,phaeng,adjective,Bài 07,NotoSansLaoLooped,fluorescent,Xiaomi_Redmi,8,printed_flashcard,dev
gold_card_0353.jpg,ແພງ,Đắt / Đắt đỏ,Expensive,phaeng,adjective,Bài 07,NotoSansLao,low_light,iPhone_14,0,printed_flashcard,test
gold_card_0354.jpg,ໂດລາ,Đô la,Dollar,doh-laa,noun,Bài 07,NotoSansLaoLooped,natural,Xiaomi_Redmi,8,printed_flashcard,dev
gold_card_0355.jpg,ໂດລາ,Đô la,Dollar,doh-laa,noun,Bài 07,NotoSansLao,fluorescent,iPhone_14,0,printed_flashcard,test
gold_card_0356.jpg,ໂດລາ,Đô la,Dollar,doh-laa,noun,Bài 07,NotoSerifLao,low_light,Samsung_Galaxy,-8,printed_flashcard,test
gold_card_0357.jpg,ໂດລາ,Đô la,Dollar,doh-laa,noun,Bài 07,NotoSansLaoLooped,cast_shadow,Xiaomi_Redmi,8,printed_flashcard,test
gold_card_0358.jpg,ໂອນເງິນ,Chuyển khoản,Bank transfer,oon-ngoen,verb,Bài 07,NotoSansLao,natural,iPhone_14,0,printed_flashcard,test
gold_card_0359.jpg,ໂອນເງິນ,Chuyển khoản,Bank transfer,oon-ngoen,verb,Bài 07,NotoSerifLao,fluorescent,Samsung_Galaxy,-8,printed_flashcard,test
gold_card_0360.jpg,ໂອນເງິນ,Chuyển khoản,Bank transfer,oon-ngoen,verb,Bài 07,NotoSansLaoLooped,low_light,Xiaomi_Redmi,8,printed_flashcard,test
gold_card_0361.jpg,ໃຫຍ່,Lớn / To,Big / Large,nyai,adjective,Bài 07,NotoSerifLao,natural,Samsung_Galaxy,-8,printed_flashcard,dev
gold_card_0362.jpg,ໃຫຍ່,Lớn / To,Big / Large,nyai,adjective,Bài 07,NotoSansLaoLooped,fluorescent,Xiaomi_Redmi,8,printed_flashcard,dev
gold_card_0363.jpg,ໃຫຍ່,Lớn / To,Big / Large,nyai,adjective,Bài 07,NotoSansLao,low_light,iPhone_14,0,printed_flashcard,test
gold_card_0364.jpg,ໃຫຍ່,Lớn / To,Big / Large,nyai,adjective,Bài 07,NotoSerifLao,cast_shadow,Samsung_Galaxy,-8,printed_flashcard,dev
gold_card_0365.jpg,ຂວາ,Bên phải,Right,khwaa,noun,Bài 08,NotoSansLaoLooped,natural,Xiaomi_Redmi,8,printed_flashcard,test
gold_card_0366.jpg,ຂວາ,Bên phải,Right,khwaa,noun,Bài 08,NotoSansLao,fluorescent,iPhone_14,0,printed_flashcard,test
gold_card_0367.jpg,ຂວາ,Bên phải,Right,khwaa,noun,Bài 08,NotoSerifLao,low_light,Samsung_Galaxy,-8,printed_flashcard,test
gold_card_0368.jpg,ຂົວ,Cây cầu,Bridge,khua,noun,Bài 08,NotoSansLao,natural,iPhone_14,0,printed_flashcard,dev
gold_card_0369.jpg,ຂົວ,Cây cầu,Bridge,khua,noun,Bài 08,NotoSerifLao,fluorescent,Samsung_Galaxy,-8,printed_flashcard,dev
gold_card_0370.jpg,ຂົວ,Cây cầu,Bridge,khua,noun,Bài 08,NotoSansLaoLooped,low_light,Xiaomi_Redmi,8,printed_flashcard,test
gold_card_0371.jpg,ຂົວ,Cây cầu,Bridge,khua,noun,Bài 08,NotoSansLao,cast_shadow,iPhone_14,0,printed_flashcard,dev
gold_card_0372.jpg,ຊື່ໄປ,Đi thẳng,Go straight,seu-pai,phrase,Bài 08,NotoSerifLao,natural,Samsung_Galaxy,-8,printed_flashcard,test
gold_card_0373.jpg,ຊື່ໄປ,Đi thẳng,Go straight,seu-pai,phrase,Bài 08,NotoSansLaoLooped,fluorescent,Xiaomi_Redmi,8,printed_flashcard,test
gold_card_0374.jpg,ຊື່ໄປ,Đi thẳng,Go straight,seu-pai,phrase,Bài 08,NotoSansLao,low_light,iPhone_14,0,printed_flashcard,dev
gold_card_0375.jpg,ຍ່າງ,Đi bộ,To walk,nyaang,verb,Bài 08,NotoSansLaoLooped,natural,Xiaomi_Redmi,8,printed_flashcard,test
gold_card_0376.jpg,ຍ່າງ,Đi bộ,To walk,nyaang,verb,Bài 08,NotoSansLao,fluorescent,iPhone_14,0,printed_flashcard,test
gold_card_0377.jpg,ຍ່າງ,Đi bộ,To walk,nyaang,verb,Bài 08,NotoSerifLao,low_light,Samsung_Galaxy,-8,printed_flashcard,test
gold_card_0378.jpg,ຍ່າງ,Đi bộ,To walk,nyaang,verb,Bài 08,NotoSansLaoLooped,cast_shadow,Xiaomi_Redmi,8,printed_flashcard,test
gold_card_0379.jpg,ນ້ຳມັນ,Xăng dầu,Gasoline / Fuel,nam-man,noun,Bài 08,NotoSansLao,natural,iPhone_14,0,printed_flashcard,test
gold_card_0380.jpg,ນ້ຳມັນ,Xăng dầu,Gasoline / Fuel,nam-man,noun,Bài 08,NotoSerifLao,fluorescent,Samsung_Galaxy,-8,printed_flashcard,test
gold_card_0381.jpg,ນ້ຳມັນ,Xăng dầu,Gasoline / Fuel,nam-man,noun,Bài 08,NotoSansLaoLooped,low_light,Xiaomi_Redmi,8,printed_flashcard,test
gold_card_0382.jpg,ປ້ຳນ້ຳມັນ,Trạm xăng,Gas station,pam-nam-man,noun,Bài 08,NotoSerifLao,natural,Samsung_Galaxy,-8,printed_flashcard,test
gold_card_0383.jpg,ປ້ຳນ້ຳມັນ,Trạm xăng,Gas station,pam-nam-man,noun,Bài 08,NotoSansLaoLooped,fluorescent,Xiaomi_Redmi,8,printed_flashcard,dev
gold_card_0384.jpg,ປ້ຳນ້ຳມັນ,Trạm xăng,Gas station,pam-nam-man,noun,Bài 08,NotoSansLao,low_light,iPhone_14,0,printed_flashcard,test
gold_card_0385.jpg,ປ້ຳນ້ຳມັນ,Trạm xăng,Gas station,pam-nam-man,noun,Bài 08,NotoSerifLao,cast_shadow,Samsung_Galaxy,-8,printed_flashcard,test
gold_card_0386.jpg,ລົດ,Xe / Xe cộ,Car / Vehicle,lot,noun,Bài 08,NotoSansLaoLooped,natural,Xiaomi_Redmi,8,printed_flashcard,dev
gold_card_0387.jpg,ລົດ,Xe / Xe cộ,Car / Vehicle,lot,noun,Bài 08,NotoSansLao,fluorescent,iPhone_14,0,printed_flashcard,test
gold_card_0388.jpg,ລົດ,Xe / Xe cộ,Car / Vehicle,lot,noun,Bài 08,NotoSerifLao,low_light,Samsung_Galaxy,-8,printed_flashcard,dev
gold_card_0389.jpg,ລົດຖີບ,Xe đạp,Bicycle,lot-theep,noun,Bài 08,NotoSansLao,natural,iPhone_14,0,printed_flashcard,test
gold_card_0390.jpg,ລົດຖີບ,Xe đạp,Bicycle,lot-theep,noun,Bài 08,NotoSerifLao,fluorescent,Samsung_Galaxy,-8,printed_flashcard,test
gold_card_0391.jpg,ລົດຖີບ,Xe đạp,Bicycle,lot-theep,noun,Bài 08,NotoSansLaoLooped,low_light,Xiaomi_Redmi,8,printed_flashcard,test
gold_card_0392.jpg,ລົດຖີບ,Xe đạp,Bicycle,lot-theep,noun,Bài 08,NotoSansLao,cast_shadow,iPhone_14,0,printed_flashcard,test
gold_card_0393.jpg,ລົດໄຟ,Tàu hỏa,Train,lot-fai,noun,Bài 08,NotoSerifLao,natural,Samsung_Galaxy,-8,printed_flashcard,test
gold_card_0394.jpg,ລົດໄຟ,Tàu hỏa,Train,lot-fai,noun,Bài 08,NotoSansLaoLooped,fluorescent,Xiaomi_Redmi,8,printed_flashcard,test
gold_card_0395.jpg,ລົດໄຟ,Tàu hỏa,Train,lot-fai,noun,Bài 08,NotoSansLao,low_light,iPhone_14,0,printed_flashcard,test
gold_card_0396.jpg,ລ້ຽວຊ້າຍ,Rẽ trái,Turn left,liao-saai,phrase,Bài 08,NotoSansLaoLooped,natural,Xiaomi_Redmi,8,printed_flashcard,dev
gold_card_0397.jpg,ລ້ຽວຊ້າຍ,Rẽ trái,Turn left,liao-saai,phrase,Bài 08,NotoSansLao,fluorescent,iPhone_14,0,printed_flashcard,dev
gold_card_0398.jpg,ລ້ຽວຊ້າຍ,Rẽ trái,Turn left,liao-saai,phrase,Bài 08,NotoSerifLao,low_light,Samsung_Galaxy,-8,printed_flashcard,test
gold_card_0399.jpg,ລ້ຽວຊ້າຍ,Rẽ trái,Turn left,liao-saai,phrase,Bài 08,NotoSansLaoLooped,cast_shadow,Xiaomi_Redmi,8,printed_flashcard,test
gold_card_0400.jpg,ສາມແຍກ,Ngã ba,Three-way junction,saam-nyaek,noun,Bài 08,NotoSansLao,natural,iPhone_14,0,printed_flashcard,dev
gold_card_0401.jpg,ສາມແຍກ,Ngã ba,Three-way junction,saam-nyaek,noun,Bài 08,NotoSerifLao,fluorescent,Samsung_Galaxy,-8,printed_flashcard,dev
gold_card_0402.jpg,ສາມແຍກ,Ngã ba,Three-way junction,saam-nyaek,noun,Bài 08,NotoSansLaoLooped,low_light,Xiaomi_Redmi,8,printed_flashcard,test
gold_card_0403.jpg,ອຸບັດຕິເຫດ,Tai nạn,Accident,u-bat-ti-het,noun,Bài 08,NotoSerifLao,natural,Samsung_Galaxy,-8,printed_flashcard,test
gold_card_0404.jpg,ອຸບັດຕິເຫດ,Tai nạn,Accident,u-bat-ti-het,noun,Bài 08,NotoSansLaoLooped,fluorescent,Xiaomi_Redmi,8,printed_flashcard,test
gold_card_0405.jpg,ອຸບັດຕິເຫດ,Tai nạn,Accident,u-bat-ti-het,noun,Bài 08,NotoSansLao,low_light,iPhone_14,0,printed_flashcard,test
gold_card_0406.jpg,ອຸບັດຕິເຫດ,Tai nạn,Accident,u-bat-ti-het,noun,Bài 08,NotoSerifLao,cast_shadow,Samsung_Galaxy,-8,printed_flashcard,test
gold_card_0407.jpg,ແຜນທີ່,Bản đồ,Map,phaen-thee,noun,Bài 08,NotoSansLaoLooped,natural,Xiaomi_Redmi,8,printed_flashcard,dev
gold_card_0408.jpg,ແຜນທີ່,Bản đồ,Map,phaen-thee,noun,Bài 08,NotoSansLao,fluorescent,iPhone_14,0,printed_flashcard,dev
gold_card_0409.jpg,ແຜນທີ່,Bản đồ,Map,phaen-thee,noun,Bài 08,NotoSerifLao,low_light,Samsung_Galaxy,-8,printed_flashcard,test
gold_card_0410.jpg,ໄປ,Đi,To go,pai,verb,Bài 08,NotoSansLao,natural,iPhone_14,0,printed_flashcard,dev
gold_card_0411.jpg,ໄປ,Đi,To go,pai,verb,Bài 08,NotoSerifLao,fluorescent,Samsung_Galaxy,-8,printed_flashcard,test
gold_card_0412.jpg,ໄປ,Đi,To go,pai,verb,Bài 08,NotoSansLaoLooped,low_light,Xiaomi_Redmi,8,printed_flashcard,test
gold_card_0413.jpg,ໄປ,Đi,To go,pai,verb,Bài 08,NotoSansLao,cast_shadow,iPhone_14,0,printed_flashcard,test
gold_card_0414.jpg,ຄົນຂັບລົດ,Tài xế / Lái xe,Driver,khon-khap-lot,noun,Bài 09,NotoSerifLao,natural,Samsung_Galaxy,-8,printed_flashcard,test
gold_card_0415.jpg,ຄົນຂັບລົດ,Tài xế / Lái xe,Driver,khon-khap-lot,noun,Bài 09,NotoSansLaoLooped,fluorescent,Xiaomi_Redmi,8,printed_flashcard,test
gold_card_0416.jpg,ຄົນຂັບລົດ,Tài xế / Lái xe,Driver,khon-khap-lot,noun,Bài 09,NotoSansLao,low_light,iPhone_14,0,printed_flashcard,dev
gold_card_0417.jpg,ຊ່າງໄມ້,Thợ mộc,Carpenter,xaang-mai,noun,Bài 09,NotoSansLaoLooped,natural,Xiaomi_Redmi,8,printed_flashcard,test
gold_card_0418.jpg,ຊ່າງໄມ້,Thợ mộc,Carpenter,xaang-mai,noun,Bài 09,NotoSansLao,fluorescent,iPhone_14,0,printed_flashcard,test
gold_card_0419.jpg,ຊ່າງໄມ້,Thợ mộc,Carpenter,xaang-mai,noun,Bài 09,NotoSerifLao,low_light,Samsung_Galaxy,-8,printed_flashcard,test
gold_card_0420.jpg,ຊ່າງໄມ້,Thợ mộc,Carpenter,xaang-mai,noun,Bài 09,NotoSansLaoLooped,cast_shadow,Xiaomi_Redmi,8,printed_flashcard,test
gold_card_0421.jpg,ທະນາຄານ,Ngân hàng,Bank,tha-naa-khaan,noun,Bài 09,NotoSansLao,natural,iPhone_14,0,printed_flashcard,test
gold_card_0422.jpg,ທະນາຄານ,Ngân hàng,Bank,tha-naa-khaan,noun,Bài 09,NotoSerifLao,fluorescent,Samsung_Galaxy,-8,printed_flashcard,test
gold_card_0423.jpg,ທະນາຄານ,Ngân hàng,Bank,tha-naa-khaan,noun,Bài 09,NotoSansLaoLooped,low_light,Xiaomi_Redmi,8,printed_flashcard,dev
gold_card_0424.jpg,ທ່ານໝໍ,Bác sĩ,Doctor,thaan-maw,noun,Bài 09,NotoSerifLao,natural,Samsung_Galaxy,-8,printed_flashcard,test
gold_card_0425.jpg,ທ່ານໝໍ,Bác sĩ,Doctor,thaan-maw,noun,Bài 09,NotoSansLaoLooped,fluorescent,Xiaomi_Redmi,8,printed_flashcard,dev
gold_card_0426.jpg,ທ່ານໝໍ,Bác sĩ,Doctor,thaan-maw,noun,Bài 09,NotoSansLao,low_light,iPhone_14,0,printed_flashcard,dev
gold_card_0427.jpg,ທ່ານໝໍ,Bác sĩ,Doctor,thaan-maw,noun,Bài 09,NotoSerifLao,cast_shadow,Samsung_Galaxy,-8,printed_flashcard,dev
gold_card_0428.jpg,ນ້ຳຕົກຕາດ,Thác nước,Waterfall,nam-tok-taat,noun,Bài 09,NotoSansLaoLooped,natural,Xiaomi_Redmi,8,printed_flashcard,test
gold_card_0429.jpg,ນ້ຳຕົກຕາດ,Thác nước,Waterfall,nam-tok-taat,noun,Bài 09,NotoSansLao,fluorescent,iPhone_14,0,printed_flashcard,dev
gold_card_0430.jpg,ນ້ຳຕົກຕາດ,Thác nước,Waterfall,nam-tok-taat,noun,Bài 09,NotoSerifLao,low_light,Samsung_Galaxy,-8,printed_flashcard,test
gold_card_0431.jpg,ປາກເຊ,Paksé,Pakse,paak-seh,noun,Bài 09,NotoSansLao,natural,iPhone_14,0,printed_flashcard,test
gold_card_0432.jpg,ປາກເຊ,Paksé,Pakse,paak-seh,noun,Bài 09,NotoSerifLao,fluorescent,Samsung_Galaxy,-8,printed_flashcard,test
gold_card_0433.jpg,ປາກເຊ,Paksé,Pakse,paak-seh,noun,Bài 09,NotoSansLaoLooped,low_light,Xiaomi_Redmi,8,printed_flashcard,test
gold_card_0434.jpg,ປາກເຊ,Paksé,Pakse,paak-seh,noun,Bài 09,NotoSansLao,cast_shadow,iPhone_14,0,printed_flashcard,test
gold_card_0435.jpg,ພະຍາບານ,Y tá / Điều dưỡng,Nurse,pha-nyaa-baan,noun,Bài 09,NotoSerifLao,natural,Samsung_Galaxy,-8,printed_flashcard,dev
gold_card_0436.jpg,ພະຍາບານ,Y tá / Điều dưỡng,Nurse,pha-nyaa-baan,noun,Bài 09,NotoSansLaoLooped,fluorescent,Xiaomi_Redmi,8,printed_flashcard,test
gold_card_0437.jpg,ພະຍາບານ,Y tá / Điều dưỡng,Nurse,pha-nyaa-baan,noun,Bài 09,NotoSansLao,low_light,iPhone_14,0,printed_flashcard,test
gold_card_0438.jpg,ວັດ,Chùa / Ngôi chùa,Buddhist temple / Wat,vat,noun,Bài 09,NotoSansLaoLooped,natural,Xiaomi_Redmi,8,printed_flashcard,test
gold_card_0439.jpg,ວັດ,Chùa / Ngôi chùa,Buddhist temple / Wat,vat,noun,Bài 09,NotoSansLao,fluorescent,iPhone_14,0,printed_flashcard,test
gold_card_0440.jpg,ວັດ,Chùa / Ngôi chùa,Buddhist temple / Wat,vat,noun,Bài 09,NotoSerifLao,low_light,Samsung_Galaxy,-8,printed_flashcard,test
gold_card_0441.jpg,ວັດ,Chùa / Ngôi chùa,Buddhist temple / Wat,vat,noun,Bài 09,NotoSansLaoLooped,cast_shadow,Xiaomi_Redmi,8,printed_flashcard,test
gold_card_0442.jpg,ວຽງຈັນ,Viêng Chăn (Vientiane),Vientiane,viang-chan,noun,Bài 09,NotoSansLao,natural,iPhone_14,0,printed_flashcard,test
gold_card_0443.jpg,ວຽງຈັນ,Viêng Chăn (Vientiane),Vientiane,viang-chan,noun,Bài 09,NotoSerifLao,fluorescent,Samsung_Galaxy,-8,printed_flashcard,test
gold_card_0444.jpg,ວຽງຈັນ,Viêng Chăn (Vientiane),Vientiane,viang-chan,noun,Bài 09,NotoSansLaoLooped,low_light,Xiaomi_Redmi,8,printed_flashcard,test
gold_card_0445.jpg,ສະຖານທູດ,Đại sứ quán,Embassy,sa-thaan-thuut,noun,Bài 09,NotoSerifLao,natural,Samsung_Galaxy,-8,printed_flashcard,dev
gold_card_0446.jpg,ສະຖານທູດ,Đại sứ quán,Embassy,sa-thaan-thuut,noun,Bài 09,NotoSansLaoLooped,fluorescent,Xiaomi_Redmi,8,printed_flashcard,test
gold_card_0447.jpg,ສະຖານທູດ,Đại sứ quán,Embassy,sa-thaan-thuut,noun,Bài 09,NotoSansLao,low_light,iPhone_14,0,printed_flashcard,dev
gold_card_0448.jpg,ສະຖານທູດ,Đại sứ quán,Embassy,sa-thaan-thuut,noun,Bài 09,NotoSerifLao,cast_shadow,Samsung_Galaxy,-8,printed_flashcard,test
gold_card_0449.jpg,ຫຼວງພະບາງ,Luông Pha Băng,Luang Prabang,luang-pha-baang,noun,Bài 09,NotoSansLaoLooped,natural,Xiaomi_Redmi,8,printed_flashcard,dev
gold_card_0450.jpg,ຫຼວງພະບາງ,Luông Pha Băng,Luang Prabang,luang-pha-baang,noun,Bài 09,NotoSansLao,fluorescent,iPhone_14,0,printed_flashcard,test
gold_card_0451.jpg,ຫຼວງພະບາງ,Luông Pha Băng,Luang Prabang,luang-pha-baang,noun,Bài 09,NotoSerifLao,low_light,Samsung_Galaxy,-8,printed_flashcard,test
gold_card_0452.jpg,ອາຊີບ,Nghề nghiệp,Profession / Occupation,aa-xeep,noun,Bài 09,NotoSansLao,natural,iPhone_14,0,printed_flashcard,test
gold_card_0453.jpg,ອາຊີບ,Nghề nghiệp,Profession / Occupation,aa-xeep,noun,Bài 09,NotoSerifLao,fluorescent,Samsung_Galaxy,-8,printed_flashcard,test
gold_card_0454.jpg,ອາຊີບ,Nghề nghiệp,Profession / Occupation,aa-xeep,noun,Bài 09,NotoSansLaoLooped,low_light,Xiaomi_Redmi,8,printed_flashcard,test
gold_card_0455.jpg,ອາຊີບ,Nghề nghiệp,Profession / Occupation,aa-xeep,noun,Bài 09,NotoSansLao,cast_shadow,iPhone_14,0,printed_flashcard,dev
gold_card_0456.jpg,ເຮັດວຽກ,Làm việc,To work,het-viak,verb,Bài 09,NotoSerifLao,natural,Samsung_Galaxy,-8,printed_flashcard,test
gold_card_0457.jpg,ເຮັດວຽກ,Làm việc,To work,het-viak,verb,Bài 09,NotoSansLaoLooped,fluorescent,Xiaomi_Redmi,8,printed_flashcard,test
gold_card_0458.jpg,ເຮັດວຽກ,Làm việc,To work,het-viak,verb,Bài 09,NotoSansLao,low_light,iPhone_14,0,printed_flashcard,test
gold_card_0459.jpg,ແມ່ນ້ຳຂອງ,Sông Mê Kông,Mekong River,mae-nam-khawng,noun,Bài 09,NotoSansLaoLooped,natural,Xiaomi_Redmi,8,printed_flashcard,test
gold_card_0460.jpg,ແມ່ນ້ຳຂອງ,Sông Mê Kông,Mekong River,mae-nam-khawng,noun,Bài 09,NotoSansLao,fluorescent,iPhone_14,0,printed_flashcard,test
gold_card_0461.jpg,ແມ່ນ້ຳຂອງ,Sông Mê Kông,Mekong River,mae-nam-khawng,noun,Bài 09,NotoSerifLao,low_light,Samsung_Galaxy,-8,printed_flashcard,test
gold_card_0462.jpg,ແມ່ນ້ຳຂອງ,Sông Mê Kông,Mekong River,mae-nam-khawng,noun,Bài 09,NotoSansLaoLooped,cast_shadow,Xiaomi_Redmi,8,printed_flashcard,test
gold_card_0463.jpg,ໂຮງໝໍ,Bệnh viện,Hospital,hong-maw,noun,Bài 09,NotoSansLao,natural,iPhone_14,0,printed_flashcard,test
gold_card_0464.jpg,ໂຮງໝໍ,Bệnh viện,Hospital,hong-maw,noun,Bài 09,NotoSerifLao,fluorescent,Samsung_Galaxy,-8,printed_flashcard,test
gold_card_0465.jpg,ໂຮງໝໍ,Bệnh viện,Hospital,hong-maw,noun,Bài 09,NotoSansLaoLooped,low_light,Xiaomi_Redmi,8,printed_flashcard,test
gold_card_0466.jpg,ກວາດເຮືອນ,Quét nhà,To sweep the house,kwaat-heuan,verb,Bài 10,NotoSerifLao,natural,Samsung_Galaxy,-8,printed_flashcard,test
gold_card_0467.jpg,ກວາດເຮືອນ,Quét nhà,To sweep the house,kwaat-heuan,verb,Bài 10,NotoSansLaoLooped,fluorescent,Xiaomi_Redmi,8,printed_flashcard,test
gold_card_0468.jpg,ກວາດເຮືອນ,Quét nhà,To sweep the house,kwaat-heuan,verb,Bài 10,NotoSansLao,low_light,iPhone_14,0,printed_flashcard,test
gold_card_0469.jpg,ກວາດເຮືອນ,Quét nhà,To sweep the house,kwaat-heuan,verb,Bài 10,NotoSerifLao,cast_shadow,Samsung_Galaxy,-8,printed_flashcard,test
gold_card_0470.jpg,ຄອມພິວເຕີ,Máy vi tính,Computer,khawm-phiw-toe,noun,Bài 10,NotoSansLaoLooped,natural,Xiaomi_Redmi,8,printed_flashcard,test
gold_card_0471.jpg,ຄອມພິວເຕີ,Máy vi tính,Computer,khawm-phiw-toe,noun,Bài 10,NotoSansLao,fluorescent,iPhone_14,0,printed_flashcard,dev
gold_card_0472.jpg,ຄອມພິວເຕີ,Máy vi tính,Computer,khawm-phiw-toe,noun,Bài 10,NotoSerifLao,low_light,Samsung_Galaxy,-8,printed_flashcard,test
gold_card_0473.jpg,ດັງ,Ồn ào / Vang to,Noisy / Loud,dang,adjective,Bài 10,NotoSansLao,natural,iPhone_14,0,printed_flashcard,dev
gold_card_0474.jpg,ດັງ,Ồn ào / Vang to,Noisy / Loud,dang,adjective,Bài 10,NotoSerifLao,fluorescent,Samsung_Galaxy,-8,printed_flashcard,dev
gold_card_0475.jpg,ດັງ,Ồn ào / Vang to,Noisy / Loud,dang,adjective,Bài 10,NotoSansLaoLooped,low_light,Xiaomi_Redmi,8,printed_flashcard,test
gold_card_0476.jpg,ດັງ,Ồn ào / Vang to,Noisy / Loud,dang,adjective,Bài 10,NotoSansLao,cast_shadow,iPhone_14,0,printed_flashcard,dev
gold_card_0477.jpg,ຕູ້ເສື້ອຜ້າ,Tủ quần áo,Wardrobe,tuu-seua-phaa,noun,Bài 10,NotoSerifLao,natural,Samsung_Galaxy,-8,printed_flashcard,test
gold_card_0478.jpg,ຕູ້ເສື້ອຜ້າ,Tủ quần áo,Wardrobe,tuu-seua-phaa,noun,Bài 10,NotoSansLaoLooped,fluorescent,Xiaomi_Redmi,8,printed_flashcard,test
gold_card_0479.jpg,ຕູ້ເສື້ອຜ້າ,Tủ quần áo,Wardrobe,tuu-seua-phaa,noun,Bài 10,NotoSansLao,low_light,iPhone_14,0,printed_flashcard,test
gold_card_0480.jpg,ຖູແຂ້ວ,Đánh răng,To brush teeth,thuu-khaew,verb,Bài 10,NotoSansLaoLooped,natural,Xiaomi_Redmi,8,printed_flashcard,test
gold_card_0481.jpg,ຖູແຂ້ວ,Đánh răng,To brush teeth,thuu-khaew,verb,Bài 10,NotoSansLao,fluorescent,iPhone_14,0,printed_flashcard,test
gold_card_0482.jpg,ຖູແຂ້ວ,Đánh răng,To brush teeth,thuu-khaew,verb,Bài 10,NotoSerifLao,low_light,Samsung_Galaxy,-8,printed_flashcard,test
gold_card_0483.jpg,ຖູແຂ້ວ,Đánh răng,To brush teeth,thuu-khaew,verb,Bài 10,NotoSansLaoLooped,cast_shadow,Xiaomi_Redmi,8,printed_flashcard,test
gold_card_0484.jpg,ປະຕູ,Cửa chính / Cổng,Door / Gate,pa-tuu,noun,Bài 10,NotoSansLao,natural,iPhone_14,0,printed_flashcard,dev
gold_card_0485.jpg,ປະຕູ,Cửa chính / Cổng,Door / Gate,pa-tuu,noun,Bài 10,NotoSerifLao,fluorescent,Samsung_Galaxy,-8,printed_flashcard,test
gold_card_0486.jpg,ປະຕູ,Cửa chính / Cổng,Door / Gate,pa-tuu,noun,Bài 10,NotoSansLaoLooped,low_light,Xiaomi_Redmi,8,printed_flashcard,test
gold_card_0487.jpg,ຜ້າຫົ່ມ,Cái chăn / Mền,Blanket,phaa-hom,noun,Bài 10,NotoSerifLao,natural,Samsung_Galaxy,-8,printed_flashcard,test
gold_card_0488.jpg,ຜ້າຫົ່ມ,Cái chăn / Mền,Blanket,phaa-hom,noun,Bài 10,NotoSansLaoLooped,fluorescent,Xiaomi_Redmi,8,printed_flashcard,test
gold_card_0489.jpg,ຜ້າຫົ່ມ,Cái chăn / Mền,Blanket,phaa-hom,noun,Bài 10,NotoSansLao,low_light,iPhone_14,0,printed_flashcard,dev
gold_card_0490.jpg,ຜ້າຫົ່ມ,Cái chăn / Mền,Blanket,phaa-hom,noun,Bài 10,NotoSerifLao,cast_shadow,Samsung_Galaxy,-8,printed_flashcard,dev
gold_card_0491.jpg,ລ້າງຖ້ວຍ,Rửa bát,To wash dishes,laang-thuay,verb,Bài 10,NotoSansLaoLooped,natural,Xiaomi_Redmi,8,printed_flashcard,test
gold_card_0492.jpg,ລ້າງຖ້ວຍ,Rửa bát,To wash dishes,laang-thuay,verb,Bài 10,NotoSansLao,fluorescent,iPhone_14,0,printed_flashcard,test
gold_card_0493.jpg,ລ້າງຖ້ວຍ,Rửa bát,To wash dishes,laang-thuay,verb,Bài 10,NotoSerifLao,low_light,Samsung_Galaxy,-8,printed_flashcard,test
gold_card_0494.jpg,ສະອາດ,Sạch sẽ,Clean,sa-aat,adjective,Bài 10,NotoSansLao,natural,iPhone_14,0,printed_flashcard,test
gold_card_0495.jpg,ສະອາດ,Sạch sẽ,Clean,sa-aat,adjective,Bài 10,NotoSerifLao,fluorescent,Samsung_Galaxy,-8,printed_flashcard,dev
gold_card_0496.jpg,ສະອາດ,Sạch sẽ,Clean,sa-aat,adjective,Bài 10,NotoSansLaoLooped,low_light,Xiaomi_Redmi,8,printed_flashcard,test
gold_card_0497.jpg,ສະອາດ,Sạch sẽ,Clean,sa-aat,adjective,Bài 10,NotoSansLao,cast_shadow,iPhone_14,0,printed_flashcard,test
gold_card_0498.jpg,ຫ້ອງຄົວ,Nhà bếp,Kitchen,hong-khua,noun,Bài 10,NotoSerifLao,natural,Samsung_Galaxy,-8,printed_flashcard,test
gold_card_0499.jpg,ຫ້ອງຄົວ,Nhà bếp,Kitchen,hong-khua,noun,Bài 10,NotoSansLaoLooped,fluorescent,Xiaomi_Redmi,8,printed_flashcard,dev
gold_card_0500.jpg,ຫ້ອງຄົວ,Nhà bếp,Kitchen,hong-khua,noun,Bài 10,NotoSansLao,low_light,iPhone_14,0,printed_flashcard,dev
gold_card_0501.jpg,ອັດ,Đóng / Khép,To close / To shut,at,verb,Bài 10,NotoSansLaoLooped,natural,Xiaomi_Redmi,8,printed_flashcard,test
gold_card_0502.jpg,ອັດ,Đóng / Khép,To close / To shut,at,verb,Bài 10,NotoSansLao,fluorescent,iPhone_14,0,printed_flashcard,test
gold_card_0503.jpg,ອັດ,Đóng / Khép,To close / To shut,at,verb,Bài 10,NotoSerifLao,low_light,Samsung_Galaxy,-8,printed_flashcard,test
gold_card_0504.jpg,ອັດ,Đóng / Khép,To close / To shut,at,verb,Bài 10,NotoSansLaoLooped,cast_shadow,Xiaomi_Redmi,8,printed_flashcard,dev
gold_card_0505.jpg,ຮີດເຄື່ອງ,Là / Ủi quần áo,To iron clothes,heet-khuang,verb,Bài 10,NotoSansLao,natural,iPhone_14,0,printed_flashcard,test
gold_card_0506.jpg,ຮີດເຄື່ອງ,Là / Ủi quần áo,To iron clothes,heet-khuang,verb,Bài 10,NotoSerifLao,fluorescent,Samsung_Galaxy,-8,printed_flashcard,dev
gold_card_0507.jpg,ຮີດເຄື່ອງ,Là / Ủi quần áo,To iron clothes,heet-khuang,verb,Bài 10,NotoSansLaoLooped,low_light,Xiaomi_Redmi,8,printed_flashcard,test
gold_card_0508.jpg,ເຮັດອາຫານ,Nấu món ăn,To prepare food,het-aa-haan,verb,Bài 10,NotoSerifLao,natural,Samsung_Galaxy,-8,printed_flashcard,test
gold_card_0509.jpg,ເຮັດອາຫານ,Nấu món ăn,To prepare food,het-aa-haan,verb,Bài 10,NotoSansLaoLooped,fluorescent,Xiaomi_Redmi,8,printed_flashcard,test
gold_card_0510.jpg,ເຮັດອາຫານ,Nấu món ăn,To prepare food,het-aa-haan,verb,Bài 10,NotoSansLao,low_light,iPhone_14,0,printed_flashcard,test
gold_card_0511.jpg,ເຮັດອາຫານ,Nấu món ăn,To prepare food,het-aa-haan,verb,Bài 10,NotoSerifLao,cast_shadow,Samsung_Galaxy,-8,printed_flashcard,dev
gold_card_0512.jpg,ແອເຢັນ,Máy điều hòa,Air conditioner,ae-yen,noun,Bài 10,NotoSansLaoLooped,natural,Xiaomi_Redmi,8,printed_flashcard,test
gold_card_0513.jpg,ແອເຢັນ,Máy điều hòa,Air conditioner,ae-yen,noun,Bài 10,NotoSansLao,fluorescent,iPhone_14,0,printed_flashcard,dev
gold_card_0514.jpg,ແອເຢັນ,Máy điều hòa,Air conditioner,ae-yen,noun,Bài 10,NotoSerifLao,low_light,Samsung_Galaxy,-8,printed_flashcard,test
gold_card_0515.jpg,ໂທລະສັບ,Điện thoại,Telephone / Mobile,tho-la-sap,noun,Bài 10,NotoSansLao,natural,iPhone_14,0,printed_flashcard,test
gold_card_0516.jpg,ໂທລະສັບ,Điện thoại,Telephone / Mobile,tho-la-sap,noun,Bài 10,NotoSerifLao,fluorescent,Samsung_Galaxy,-8,printed_flashcard,dev
gold_card_0517.jpg,ໂທລະສັບ,Điện thoại,Telephone / Mobile,tho-la-sap,noun,Bài 10,NotoSansLaoLooped,low_light,Xiaomi_Redmi,8,printed_flashcard,dev
gold_card_0518.jpg,ໂທລະສັບ,Điện thoại,Telephone / Mobile,tho-la-sap,noun,Bài 10,NotoSansLao,cast_shadow,iPhone_14,0,printed_flashcard,dev
gold_card_0519.jpg,ກ້າຫານ,Dũng cảm,Brave,kaa-haan,adjective,Bài 11,NotoSerifLao,natural,Samsung_Galaxy,-8,printed_flashcard,test
gold_card_0520.jpg,ກ້າຫານ,Dũng cảm,Brave,kaa-haan,adjective,Bài 11,NotoSansLaoLooped,fluorescent,Xiaomi_Redmi,8,printed_flashcard,test
gold_card_0521.jpg,ກ້າຫານ,Dũng cảm,Brave,kaa-haan,adjective,Bài 11,NotoSansLao,low_light,iPhone_14,0,printed_flashcard,dev
gold_card_0522.jpg,ດີ,Tốt / Đẹp,Good,dee,adjective,Bài 11,NotoSansLaoLooped,natural,Xiaomi_Redmi,8,printed_flashcard,dev
gold_card_0523.jpg,ດີ,Tốt / Đẹp,Good,dee,adjective,Bài 11,NotoSansLao,fluorescent,iPhone_14,0,printed_flashcard,test
gold_card_0524.jpg,ດີ,Tốt / Đẹp,Good,dee,adjective,Bài 11,NotoSerifLao,low_light,Samsung_Galaxy,-8,printed_flashcard,dev
gold_card_0525.jpg,ດີ,Tốt / Đẹp,Good,dee,adjective,Bài 11,NotoSansLaoLooped,cast_shadow,Xiaomi_Redmi,8,printed_flashcard,test
handwritten_001.jpg,ຂ້ອຍ,Tôi,I / Me,khoy,pronoun,Bài 01,simulated_handwritten,natural,Samsung_Galaxy,-6,handwritten,handwritten_eval
handwritten_002.jpg,ຄົນ,Người,Person / People,khon,noun,Bài 01,simulated_handwritten,natural,Samsung_Galaxy,3,handwritten,handwritten_eval
handwritten_003.jpg,ຊ້າໆ,Chậm rãi / Từ từ,Slowly,xaa-xaa,adverb,Bài 01,simulated_handwritten,natural,Samsung_Galaxy,-6,handwritten,handwritten_eval
handwritten_004.jpg,ນາມສະກຸນ,Họ (tên họ),Surname / Last name,naam-sa-kun,noun,Bài 01,simulated_handwritten,natural,Samsung_Galaxy,6,handwritten,handwritten_eval
handwritten_005.jpg,ບໍ່ແມ່ນ,Không phải,No / Not to be,baw-maen,phrase,Bài 01,simulated_handwritten,natural,Samsung_Galaxy,-4,handwritten,handwritten_eval
handwritten_006.jpg,ພວກເຂົາ,Họ / Bọn họ,They / Them,phuak-khao,pronoun,Bài 01,simulated_handwritten,natural,Samsung_Galaxy,0,handwritten,handwritten_eval
handwritten_007.jpg,ພາສາ,Ngôn ngữ / Tiếng,Language,phaa-saa,noun,Bài 01,simulated_handwritten,natural,Samsung_Galaxy,-5,handwritten,handwritten_eval
handwritten_008.jpg,ພາສາອັງກິດ,Tiếng Anh,English language,phaa-saa-ang-kit,noun,Bài 01,simulated_handwritten,natural,Samsung_Galaxy,-5,handwritten,handwritten_eval
handwritten_009.jpg,ລາກ່ອນ,Tạm biệt,Goodbye,laa-kawn,phrase,Bài 01,simulated_handwritten,natural,Samsung_Galaxy,0,handwritten,handwritten_eval
handwritten_010.jpg,ສະບາຍດີບໍ,Bạn có khỏe không?,How are you?,sa-bai-dee-baw,phrase,Bài 01,simulated_handwritten,natural,Samsung_Galaxy,6,handwritten,handwritten_eval
handwritten_011.jpg,ເກົາຫຼີ,Hàn Quốc,Korea,kao-lee,noun,Bài 01,simulated_handwritten,natural,Samsung_Galaxy,-2,handwritten,handwritten_eval
handwritten_012.jpg,ເຈົ້າຊື່ຫຍັງ,Bạn tên là gì?,What is your name?,chao-seu-nyang,phrase,Bài 01,simulated_handwritten,natural,Samsung_Galaxy,6,handwritten,handwritten_eval
handwritten_013.jpg,ແມ່ນ,Là / Đúng,Yes / To be,maen,verb,Bài 01,simulated_handwritten,natural,Samsung_Galaxy,3,handwritten,handwritten_eval
handwritten_014.jpg,ໜ້ອຍໜຶ່ງ,Một chút / Một ít,A little bit,noy-neung,adverb,Bài 01,simulated_handwritten,natural,Samsung_Galaxy,1,handwritten,handwritten_eval
handwritten_015.jpg,ຊ່ວຍ,Giúp đỡ,To help,xuay,verb,Bài 02,simulated_handwritten,natural,Samsung_Galaxy,3,handwritten,handwritten_eval
handwritten_016.jpg,ນ້ອງ,Em,Younger sibling,nawng,noun,Bài 02,simulated_handwritten,natural,Samsung_Galaxy,5,handwritten,handwritten_eval
handwritten_017.jpg,ນ້າບ່າວ,Cậu (em trai của mẹ),Uncle (mother's younger brother),naa-baao,noun,Bài 02,simulated_handwritten,natural,Samsung_Galaxy,4,handwritten,handwritten_eval
handwritten_018.jpg,ບໍ່ມີ,Không có,Don't have,baw-mee,verb,Bài 02,simulated_handwritten,natural,Samsung_Galaxy,3,handwritten,handwritten_eval
handwritten_019.jpg,ປ້າ,Bác gái,Aunt (older),paa,noun,Bài 02,simulated_handwritten,natural,Samsung_Galaxy,-5,handwritten,handwritten_eval
handwritten_020.jpg,ພໍ່ເຖົ້າ,Ông ngoại,Maternal grandfather,phaw-thao,noun,Bài 02,simulated_handwritten,natural,Samsung_Galaxy,-3,handwritten,handwritten_eval
handwritten_021.jpg,ຢູ່,Ở / Sống tại,To stay / To live,yuu,verb,Bài 02,simulated_handwritten,natural,Samsung_Galaxy,-1,handwritten,handwritten_eval
handwritten_022.jpg,ລູກຊາຍ,Con trai,Son,luuk-xaai,noun,Bài 02,simulated_handwritten,natural,Samsung_Galaxy,3,handwritten,handwritten_eval
handwritten_023.jpg,ສູງ,Cao,Tall / High,suung,adjective,Bài 02,simulated_handwritten,natural,Samsung_Galaxy,-5,handwritten,handwritten_eval
handwritten_024.jpg,ຫຼານສາວ,Cháu gái,Niece / Granddaughter,laan-saao,noun,Bài 02,simulated_handwritten,natural,Samsung_Galaxy,-2,handwritten,handwritten_eval
handwritten_025.jpg,ອາວ,Chú (em trai của bố),Uncle (father's younger brother),aao,noun,Bài 02,simulated_handwritten,natural,Samsung_Galaxy,4,handwritten,handwritten_eval
handwritten_026.jpg,ເຕ້ຍ,Thấp / Lùn,Short,tia,adjective,Bài 02,simulated_handwritten,natural,Samsung_Galaxy,4,handwritten,handwritten_eval
handwritten_027.jpg,ເຮືອນ,Ngôi nhà,House,heuan,noun,Bài 02,simulated_handwritten,natural,Samsung_Galaxy,-6,handwritten,handwritten_eval
handwritten_028.jpg,ແມ່ເຖົ້າ,Bà ngoại,Maternal grandmother,mae-thao,noun,Bài 02,simulated_handwritten,natural,Samsung_Galaxy,2,handwritten,handwritten_eval
handwritten_029.jpg,ໜ້າຮັກ,Đáng yêu,Cute / Lovely,naa-hak,adjective,Bài 02,simulated_handwritten,natural,Samsung_Galaxy,-4,handwritten,handwritten_eval
handwritten_030.jpg,ຈັກ,Mấy / Bao nhiêu,How many / How much,chak,pronoun,Bài 03,simulated_handwritten,natural,Samsung_Galaxy,-3,handwritten,handwritten_eval
handwritten_031.jpg,ຊາວເອັດ,Hai mươi mốt (số 21),Twenty-one (21),xaao-et,number,Bài 03,simulated_handwritten,natural,Samsung_Galaxy,-5,handwritten,handwritten_eval
handwritten_032.jpg,ທັງໝົດ,Tất cả / Toàn bộ,All / Total,thang-mot,adverb,Bài 03,simulated_handwritten,natural,Samsung_Galaxy,-1,handwritten,handwritten_eval
handwritten_033.jpg,ມີດ,Dao,Knife,meet,noun,Bài 03,simulated_handwritten,natural,Samsung_Galaxy,-3,handwritten,handwritten_eval
handwritten_034.jpg,ສາມ,Ba (số 3),Three (3),saam,number,Bài 03,simulated_handwritten,natural,Samsung_Galaxy,2,handwritten,handwritten_eval
handwritten_035.jpg,ສິບສອງ,Mười hai (số 12),Twelve (12),sip-sawng,number,Bài 03,simulated_handwritten,natural,Samsung_Galaxy,1,handwritten,handwritten_eval
handwritten_036.jpg,ສີ່,Bốn (số 4),Four (4),see,number,Bài 03,simulated_handwritten,natural,Samsung_Galaxy,-5,handwritten,handwritten_eval
handwritten_037.jpg,ສ້ອມ,Nĩa / Dĩa,Fork,sawm,noun,Bài 03,simulated_handwritten,natural,Samsung_Galaxy,-3,handwritten,handwritten_eval
handwritten_038.jpg,ຫຼາຍ,Nhiều,Many / Much,lai,adjective,Bài 03,simulated_handwritten,natural,Samsung_Galaxy,0,handwritten,handwritten_eval
handwritten_039.jpg,ອັນ,Cái / Chiếc (loại từ),Item / Thing (classifier),an,noun,Bài 03,simulated_handwritten,natural,Samsung_Galaxy,-4,handwritten,handwritten_eval
handwritten_040.jpg,ເຄິ່ງ,Nửa / Một nửa,Half,khoeng,noun,Bài 03,simulated_handwritten,natural,Samsung_Galaxy,0,handwritten,handwritten_eval
handwritten_041.jpg,ເບີ,Số (hiệu),Number (phone/room),ber,noun,Bài 03,simulated_handwritten,natural,Samsung_Galaxy,-4,handwritten,handwritten_eval
handwritten_042.jpg,ແປດ,Tám (số 8),Eight (8),paet,number,Bài 03,simulated_handwritten,natural,Samsung_Galaxy,6,handwritten,handwritten_eval
handwritten_043.jpg,ໜຶ່ງ,Một (số 1),One (1),neung,number,Bài 03,simulated_handwritten,natural,Samsung_Galaxy,-5,handwritten,handwritten_eval
handwritten_044.jpg,ກ່ອນ,Trước,Before,kawn,adverb,Bài 04,simulated_handwritten,natural,Samsung_Galaxy,1,handwritten,handwritten_eval
handwritten_045.jpg,ດຽວນີ້,Ngay bây giờ,Right now,diao-nee,adverb,Bài 04,simulated_handwritten,natural,Samsung_Galaxy,-1,handwritten,handwritten_eval
handwritten_046.jpg,ຕອນສວາຍ,Buổi trưa,Noon / Afternoon,tawn-suay,noun,Bài 04,simulated_handwritten,natural,Samsung_Galaxy,3,handwritten,handwritten_eval
handwritten_047.jpg,ທັນ,Kịp,In time,than,verb,Bài 04,simulated_handwritten,natural,Samsung_Galaxy,-5,handwritten,handwritten_eval
handwritten_048.jpg,ບໍ່ທັນ,Không kịp,Not in time,baw-than,phrase,Bài 04,simulated_handwritten,natural,Samsung_Galaxy,6,handwritten,handwritten_eval
handwritten_049.jpg,ປີໜ້າ,Năm sau,Next year,pee-naa,noun,Bài 04,simulated_handwritten,natural,Samsung_Galaxy,-5,handwritten,handwritten_eval
handwritten_050.jpg,ມື້ວານນີ້,Hôm qua,Yesterday,meu-vaan-nee,noun,Bài 04,simulated_handwritten,natural,Samsung_Galaxy,5,handwritten,handwritten_eval
textbook_page_01.jpg,ຊື່ຂອງເຈົ້າ | ກະລຸນາເວົ້າຊ້າໆ | ຍິນດີທີ່ໄດ້ຮູ້ຈັກເຈົ້າ | ຄົນຍີ່ປຸ່ນ | ນາມສະກຸນຫຍັງ | ຂ້ອຍບໍ່ເຂົ້າໃຈ | ບໍ່ເປັນຫຍັງດອກ | ບໍ່ແມ່ນຂ້ອຍ,Trang giáo trình bài 1,Textbook page lesson 1,,multi_line,Bài 1,NotoSerifLao,natural,scanner_simulated,0,textbook_page,page_eval
textbook_page_02.jpg,ປະເທດຂອງຂ້ອຍ | ປະເທດຝຣັ່ງ | ພວກເຂົາແມ່ນໃຜ | ພວກເຈົ້າສະບາຍດີບໍ | ພວກເຮົາໄປນຳກັນ | ພາສາລາວ | ຂ້ອຍຮຽນພາສາລາວ | ເຈົ້າເວົ້າພາສາຫວຽດໄດ້ບໍ,Trang giáo trình bài 2,Textbook page lesson 2,,multi_line,Bài 2,NotoSerifLao,natural,scanner_simulated,0,textbook_page,page_eval
textbook_page_03.jpg,ພາສາອັງກິດຍາກ | ມື້ອື່ນພົບກັນໃໝ່ | ຂ້ອຍມາແຕ່ຫວຽດນາມ | ລາກ່ອນເດີ | ລາວມາແຕ່ໃສ | ສະບາຍດີຕອນເຊົ້າ | ເຈົ້າສະບາຍດີບໍ | ປະເທດຫວຽດນາມ,Trang giáo trình bài 3,Textbook page lesson 3,,multi_line,Bài 3,NotoSerifLao,natural,scanner_simulated,0,textbook_page,page_eval
textbook_page_04.jpg,ຄົນອາເມລິກາ | ປະເທດເກົາຫຼີ | ເຈົ້າເຂົ້າໃຈບໍ | ເຈົ້າແມ່ນໃຜ | ເຈົ້າຊື່ຫຍັງເກາະ | ເພິ່ນເປັນອາຈານ | ເວົ້າພາສາລາວ | ແມ່ນແລ້ວ,Trang giáo trình bài 4,Textbook page lesson 4,,multi_line,Bài 4,NotoSerifLao,natural,scanner_simulated,0,textbook_page,page_eval
textbook_page_05.jpg,ເວົ້າໄດ້ໜ້ອຍໜຶ່ງ | ຄົນໄທ | ຂ້ອຍເຂົ້າໃຈໜ້ອຍໜຶ່ງ | ຄອບຄົວຂອງຂ້ອຍ | ດອກໄມ້ງາມ | ຊ່ວຍຂ້ອຍແດ່ | ຍ່າໃຈດີ | ລາວຕຸ້ຍ,Trang giáo trình bài 5,Textbook page lesson 5,,multi_line,Bài 5,NotoSerifLao,natural,scanner_simulated,0,textbook_page,page_eval
textbook_page_06.jpg,ນ້ອງຮັກ | ນ້ອງຊາຍຮຽນເກັ່ງ | ນ້ອງສາວນ້ອຍ | ນ້າບ່າວໄປວຽກ | ນ້າສາວງາມ | ບ້ານເກີດ | ບໍ່ມີເງິນ | ຂ້ອຍອາຍຸຊາວປີ,Trang giáo trình bài 6,Textbook page lesson 6,,multi_line,Bài 6,NotoSerifLao,natural,scanner_simulated,0,textbook_page,page_eval
textbook_page_07.jpg,ປູ່ມີອາຍຸຫຼາຍ | ປ້າຂາຍເຄື່ອງ | ຜົວເມຍ | ພໍ່ຂອງຂ້ອຍໃຈດີ | ພໍ່ເຖົ້າຢູ່ບ້ານ | ພໍ່ແມ່ຢູ່ໃສ | ມີລູກຈັກຄົນ | ເຈົ້າຢູ່ໃສ,Trang giáo trình bài 7,Textbook page lesson 7,,multi_line,Bài 7,NotoSerifLao,natural,scanner_simulated,0,textbook_page,page_eval
textbook_page_08.jpg,ລຸງມາຢາມ | ລູກຮັກ | ລາວມີລູກຊາຍ | ລູກສາວງາມຫຼາຍ | ນັກຮຽນສະຫຼາດ | ລາວສູງຫຼາຍ | ຫຼານນ້ອຍ | ຫຼານຊາຍສະຫຼາດ,Trang giáo trình bài 8,Textbook page lesson 8,,multi_line,Bài 8,NotoSerifLao,natural,scanner_simulated,0,textbook_page,page_eval
textbook_page_09.jpg,ຫຼານສາວໜ້າຮັກ | ອາມາແຕ່ໃສ | ເຈົ້າອາຍຸຈັກປີ | ອາວຢູ່ໄກ | ອ້າຍຂອງຂ້ອຍ | ຂ້ອຍຮັກຄອບຄົວ | ຄົນເຕ້ຍ | ເມຍຂອງລາວ,Trang giáo trình bài 9,Textbook page lesson 9,,multi_line,Bài 9,NotoSerifLao,natural,scanner_simulated,0,textbook_page,page_eval
textbook_page_10.jpg,ເອື້ອຍໃຈດີ | ເຮືອນຂອງຂ້ອຍ | ແຕ່ງງານແລ້ວບໍ | ແມ່ຮັກລູກ | ແມ່ເຖົ້າເຮັດອາຫານ | ຂ້ອຍຍັງໂສດ | ຄົນລາວໃຈດີ | ເດັກນ້ອຍໜ້າຮັກ,Trang giáo trình bài 10,Textbook page lesson 10,,multi_line,Bài 10,NotoSerifLao,natural,scanner_simulated,0,textbook_page,page_eval
textbook_page_11.jpg,ຫີນໜຶ່ງກ້ອນ | ກາເຟສອງຈອກ | ຈັກໂມງແລ້ວ | ຈານໃຫຍ່ | ຊາວພັນ | ວັນທີຊາວເອັດ | ໜຶ່ງຕື້ | ເຂົ້າໜຶ່ງຖ້ວຍ,Trang giáo trình bài 11,Textbook page lesson 11,,multi_line,Bài 11,NotoSerifLao,natural,scanner_simulated,0,textbook_page,page_eval
textbook_page_12.jpg,ທັງໝົດເທົ່າໃດ | ບ່ວງໜຶ່ງອັນ | ສິບພັນ | ມີດແຫຼມ | ໜຶ່ງລ້ານກີບ | ສອງຄົນ | ສາມມື້ | ສາມສິບມື້,Trang giáo trình bài 12,Textbook page lesson 12,,multi_line,Bài 12,NotoSerifLao,natural,scanner_simulated,0,textbook_page,page_eval
textbook_page_13.jpg,ສິບຄົນ | ສິບສອງເດືອນ | ສິບສາມປີ | ສິບເອັດໂມງ | ສີ່ໂມງ | ສີ່ສິບກິໂລ | ເລກສູນ | ບ່ວງແລະສ້ອມ,Trang giáo trình bài 13,Textbook page lesson 13,,multi_line,Bài 13,NotoSerifLao,natural,scanner_simulated,0,textbook_page,page_eval
textbook_page_14.jpg,ຫົກເດືອນ | ປຶ້ມສາມຫົວ | ຄົນຫຼາຍ | ຫ້າພັນ | ຫ້າສິບເປີເຊັນ | ອັນນີ້ | ໜຶ່ງຮ້ອຍ | ເກົ້າສິບ,Trang giáo trình bài 14,Textbook page lesson 14,,multi_line,Bài 14,NotoSerifLao,natural,scanner_simulated,0,textbook_page,page_eval
textbook_page_15.jpg,ເຄິ່ງຊົ່ວໂມງ | ເຈັດວັນ | ລາຄາເທົ່າໃດ | ເບີຫ້ອງ | ເລກໂທລະສັບ | ນ້ຳໜຶ່ງແກ້ວ | ແປດໂມງ | ໜຶ່ງແສນກີບ,Trang giáo trình bài 15,Textbook page lesson 15,,multi_line,Bài 15,NotoSerifLao,natural,scanner_simulated,0,textbook_page,page_eval
textbook_page_16.jpg,ໝາສອງໂຕ | ໜຶ່ງອັນ | ມີເງິນໜ້ອຍ | ໜຶ່ງໝື່ນກີບ | ກິນເຂົ້າກ່ອນ | ສອງຊົ່ວໂມງ | ມາວຽກຊ້າ | ດຽວນີ້ໄປເລີຍ,Trang giáo trình bài 16,Textbook page lesson 16,,multi_line,Bài 16,NotoSerifLao,natural,scanner_simulated,0,textbook_page,page_eval
textbook_page_17.jpg,ຕອນກາງຄືນນອນ | ຕອນນີ້ເຮັດຫຍັງ | ຕອນສວາຍຮ້ອນ | ຕອນເຊົ້າກິນເຂົ້າ | ຕອນແລງໄປຕະຫຼາດ | ທັນເວລາ | ສິບຫ້ານາທີ | ບຸນປີໃໝ່ລາວ,Trang giáo trình bài 17,Textbook page lesson 17,,multi_line,Bài 17,NotoSerifLao,natural,scanner_simulated,0,textbook_page,page_eval
textbook_page_18.jpg,ບໍ່ທັນລົດ | ປີກາຍໄປວຽງຈັນ | ສະບາຍດີປີໃໝ່ | ປີໜ້າກັບບ້ານ | ມື້ນີ້ | ມື້ນີ້ອາກາດດີ | ມື້ວານນີ້ຂ້ອຍຢູ່ບ້ານ | ມື້ອື່ນໄປໃສ,Trang giáo trình bài 18,Textbook page lesson 18,,multi_line,Bài 18,NotoSerifLao,natural,scanner_simulated,0,textbook_page,page_eval
textbook_page_19.jpg,ມື້ຮືພົບກັນ | ວັນທີໜຶ່ງ | ວັນຈັນໄປຮຽນ | ວັນພະຫັດວ່າງ | ມື້ນີ້ແມ່ນວັນພັກ | ວັນພຸດພົບກັນ | ວັນສຸກຕອນແລງ | ວັນອັງຄານເຮັດວຽກ,Trang giáo trình bài 19,Textbook page lesson 19,,multi_line,Bài 19,NotoSerifLao,natural,scanner_simulated,0,textbook_page,page_eval
textbook_page_20.jpg,ວັນອາທິດໄປວັດ | ສຸກສັນວັນເກີດ | ວັນເສົາພັກຜ່ອນ | ຫົກສິບວິນາທີ | ສະເຫຼີມສະຫຼອງປີໃໝ່ | ຫຼັງຈາກນັ້ນ | ອາທິດນີ້ | ອາທິດແລ້ວໄປທ່ຽວ,Trang giáo trình bài 20,Textbook page lesson 20,,multi_line,Bài 20,NotoSerifLao,natural,scanner_simulated,0,textbook_page,page_eval
textbook_page_21.jpg,ອາທິດໜ້າຮຽນ | ຕື່ນເຊົ້າ | ເດືອນນີ້ | ເດືອນແລ້ວຮ້ອນ | ເດືອນໜ້າສອບເສັງ | ບໍ່ມີເວລາ | ຕອນນີ້ຈັກໂມງ | ໄປໄວໆ,Trang giáo trình bài 21,Textbook page lesson 21,,multi_line,Bài 21,NotoSerifLao,natural,scanner_simulated,0,textbook_page,page_eval
textbook_page_22.jpg,ຂຽນໃສ່ກະດານ | ກະເປົານັກຮຽນ | ເຮັດການບ້ານ | ຂຽນໜັງສື | ໄດ້ຄະແນນດີ | ຮຽນຄຳສັບໃໝ່ | ຄິດຮອດ | ຄູສອນໜັງສື,Trang giáo trình bài 22,Textbook page lesson 22,,multi_line,Bài 22,NotoSerifLao,natural,scanner_simulated,0,textbook_page,page_eval
textbook_page_23.jpg,ພາສາລາວງ່າຍ | ຂ້ອຍຈື່ໄດ້ | ບົດຮຽນຍາກ | ຕອບຄຳຖາມ | ນັ່ງຕັ່ງ | ຕັ້ງໃຈຮຽນ | ຖາມຄຳຖາມ | ນັກສຶກສາລາວ,Trang giáo trình bài 23,Textbook page lesson 23,,multi_line,Bài 23,NotoSerifLao,natural,scanner_simulated,0,textbook_page,page_eval
textbook_page_24.jpg,ນັກຮຽນຕັ້ງໃຈ | ບິກສີຟ້າ | ບົດຮຽນທີໜຶ່ງ | ປຶ້ມແບບຮຽນ | ຂຽນໃສ່ປຶ້ມຂຽນ | ຝຶກແອບເວົ້າ | ພັກຜ່ອນສິບນາທີ | ຟັງອາຈານ,Trang giáo trình bài 24,Textbook page lesson 24,,multi_line,Bài 24,NotoSerifLao,natural,scanner_simulated,0,textbook_page,page_eval
textbook_page_25.jpg,ມະຫາວິທະຍາໄລແຫ່ງຊາດ | ໃຊ້ຢາງລຶບ | ຢ່າລືມເດີ | ສອກກະດານຂາວ | ສອນພາສາລາວ | ມື້ອື່ນສອບເສັງ | ສໍດຳ | ໄປຫ້ອງສະໝຸດ,Trang giáo trình bài 25,Textbook page lesson 25,,multi_line,Bài 25,NotoSerifLao,natural,scanner_simulated,0,textbook_page,page_eval
textbook_page_26.jpg,ຢູ່ໃນຫ້ອງຮຽນ | ອາຈານໃຈດີ | ອ່ານປຶ້ມ | ຂ້ອຍບໍ່ຮູ້ | ຮຽນໜັງສື | ລາວຮຽນເກັ່ງ | ເຂົ້າຮຽນແປດໂມງ | ເພື່ອນສະໜິດ,Trang giáo trình bài 26,Textbook page lesson 26,,multi_line,Bài 26,NotoSerifLao,natural,scanner_simulated,0,textbook_page,page_eval
textbook_page_27.jpg,ເລີກຮຽນສີ່ໂມງ | ໂຕະຮຽນ | ໂຮງຮຽນໃຫຍ່ | ໄມ້ບັນທັດຍາວ | ໝູ່ຮ່ວມຫ້ອງ | ກາເຟລາວ | ກິນເຂົ້າແລ້ວບໍ | ກຸ້ງເຜົາ,Trang giáo trình bài 27,Textbook page lesson 27,,multi_line,Bài 27,NotoSerifLao,natural,scanner_simulated,0,textbook_page,page_eval
textbook_page_28.jpg,ຢາຂົມ | ດື່ມຊາ | ຊີ້ນໝູ | ລາບຊີ້ນງົວ | ປີ້ງໄກ່ແຊບ | ກິນຊີ້ນໝູ | ດື່ມນ້ຳ | ຕຳໝາກຫຸ່ງເຜັດ,Trang giáo trình bài 28,Textbook page lesson 28,,multi_line,Bài 28,NotoSerifLao,natural,scanner_simulated,0,textbook_page,page_eval
textbook_page_29.jpg,ໄຂ່ຕົ້ມ | ປາທອດ | ນົມສົດ | ນ້ຳດື່ມ | ເອົານ້ຳກ້ອນ | ເອົາບໍ່ເຜັດ | ກິນປາ | ປີ້ງໄກ່,Trang giáo trình bài 29,Textbook page lesson 29,,multi_line,Bài 29,NotoSerifLao,natural,scanner_simulated,0,textbook_page,page_eval
textbook_page_30.jpg,ຜັກສົດ | ລາບຊີ້ນ | ໝາກນາວສົ້ມ | ຫວານເກີນໄປ | ຫິວເຂົ້າ | ອີ່ມແລ້ວ | ນ້ຳຮ້ອນ | ກິນເຂົ້າ,Trang giáo trình bài 30,Textbook page lesson 30,,multi_line,Bài 30,NotoSerifLao,natural,scanner_simulated,0,textbook_page,page_eval
