lao,vi,en,romanization,type
ສະບາຍດີ,Xin chào,Hello,sa-bai-dee,phrase
ຂອບໃຈ,Cảm ơn,Thank you,khop-chai,phrase
ຂໍໂທດ,Xin lỗi,Sorry / Excuse me,kho-thot,phrase
ແມ່ນ,Đúng / Vâng,Yes / Correct,maen,particle
ບໍ່,Không,No / Not,baw,particle
ສະບາຍດີບໍ,Bạn khỏe không?,How are you?,sa-bai-dee-baw,phrase
ຍິນດີທີ່ໄດ້ຮູ້ຈັກ,Rất vui được gặp bạn,Nice to meet you,yin-dee-thee-dai-hu-chak,phrase
ກິນ,Ăn,To eat,kin,verb
ດື່ມ,Uống,To drink,deum,verb
ນ້ຳ,Nước,Water,nam,noun
ເຂົ້າ,Cơm / Gạo,Rice / Food,khao,noun
ກາເຟ,Cà phê,Coffee,kaa-fae,noun
ຊາ,Trà,Tea,saa,noun
ໂຮງຮຽນ,Trường học,School,hong-hian,noun
ຄູ,Giáo viên,Teacher,khuu,noun
ນັກຮຽນ,Học sinh,Student,nak-hian,noun
ປຶ້ມ,Quyển sách,Book,peum,noun
ສໍ,Bút chì,Pencil,saw,noun
ບິກ,Bút bi,Pen,bik,noun
ຫ້ອງຮຽນ,Phòng học,Classroom,hong-hian,noun
ໜຶ່ງ,Một,One,neung,number
ສອງ,Hai,Two,sawng,number
ສາມ,Ba,Three,saam,number
ສີ່,Bốn,Four,see,number
ຫ້າ,Năm,Five,haa,number
ຫົກ,Sáu,Six,hok,number
ເຈັດ,Bảy,Seven,chet,number
ແປດ,Tám,Eight,paet,number
ເກົ້າ,Chín,Nine,kao,number
ສິບ,Mười,Ten,sip,number
