filename,lao_text,vi,en,romanization,font
card_01.jpg,ສະບາຍດີ,Xin chào,Hello,sa-bai-dee,NotoSansLao.ttf
card_02.jpg,ຂອບໃຈ,Cảm ơn,Thank you,khop-chai,NotoSerifLao.ttf
card_03.jpg,ຂໍໂທດ,Xin lỗi,Sorry / Excuse me,kho-thot,NotoSansLaoLooped.ttf
card_04.jpg,ແມ່ນ,Đúng / Vâng,Yes / Correct,maen,NotoSansLao.ttf
card_05.jpg,ບໍ່,Không,No / Not,baw,NotoSerifLao.ttf
card_06.jpg,ສະບາຍດີບໍ,Bạn khỏe không?,How are you?,sa-bai-dee-baw,NotoSansLaoLooped.ttf
card_07.jpg,ຍິນດີທີ່ໄດ້ຮູ້ຈັກ,Rất vui được gặp bạn,Nice to meet you,yin-dee-thee-dai-hu-chak,NotoSansLao.ttf
card_08.jpg,ກິນ,Ăn,To eat,kin,NotoSerifLao.ttf
card_09.jpg,ດື່ມ,Uống,To drink,deum,NotoSansLaoLooped.ttf
card_10.jpg,ນ້ຳ,Nước,Water,nam,NotoSansLao.ttf
card_11.jpg,ເຂົ້າ,Cơm / Gạo,Rice / Food,khao,NotoSerifLao.ttf
card_12.jpg,ກາເຟ,Cà phê,Coffee,kaa-fae,NotoSansLaoLooped.ttf
card_13.jpg,ຊາ,Trà,Tea,saa,NotoSansLao.ttf
card_14.jpg,ໂຮງຮຽນ,Trường học,School,hong-hian,NotoSerifLao.ttf
card_15.jpg,ຄູ,Giáo viên,Teacher,khuu,NotoSansLaoLooped.ttf
card_16.jpg,ນັກຮຽນ,Học sinh,Student,nak-hian,NotoSansLao.ttf
card_17.jpg,ປຶ້ມ,Quyển sách,Book,peum,NotoSerifLao.ttf
card_18.jpg,ສໍ,Bút chì,Pencil,saw,NotoSansLaoLooped.ttf
card_19.jpg,ບິກ,Bút bi,Pen,bik,NotoSansLao.ttf
card_20.jpg,ຫ້ອງຮຽນ,Phòng học,Classroom,hong-hian,NotoSerifLao.ttf
